--
-- Copyright (c) 2015-2016, President and Fellows of Harvard College
--
-- Redistribution and use in source and binary forms, with or without
-- modification, are permitted provided that the following conditions are met:
--
-- 1. Redistributions of source code must retain the above copyright
-- notice, this list of conditions and the following disclaimer.
--
-- 2. Redistributions in binary form must reproduce the above copyright
-- notice, this list of conditions and the following disclaimer in the
-- documentation and/or other materials provided with the distribution.
--
-- 3. The name of the author may not be used to endorse or promote products
-- derived from this software without specific prior written permission.
--
-- THIS SOFTWARE IS PROVIDED BY THE AUTHOR "AS IS" AND ANY EXPRESS OR IMPLIED
-- WARRANTIES, INCLUDING, BUT NOT LIMITED TO, THE IMPLIED WARRANTIES OF
-- MERCHANTABILITY AND FITNESS FOR A PARTICULAR PURPOSE ARE DISCLAIMED. IN NO
-- EVENT SHALL THE AUTHOR BE LIABLE FOR ANY DIRECT, INDIRECT, INCIDENTAL,
-- SPECIAL, EXEMPLARY, OR CONSEQUENTIAL DAMAGES (INCLUDING, BUT NOT LIMITED
-- TO, PROCUREMENT OF SUBSTITUTE GOODS OR SERVICES; LOSS OF USE, DATA, OR
-- PROFITS; OR BUSINESS INTERRUPTION) HOWEVER CAUSED AND ON ANY THEORY OF
-- LIABILITY, WHETHER IN CONTRACT, STRICT LIABILITY, OR TORT (INCLUDING
-- NEGLIGENCE OR OTHERWISE) ARISING IN ANY WAY OUT OF THE USE OF THIS
-- SOFTWARE, EVEN IF ADVISED OF THE POSSIBILITY OF SUCH DAMAGE.
--

-- MySQL dump 10.13  Distrib 8.0.16, for macos10.14 (x86_64)
--
-- Host: 127.0.0.1    Database: scheduler
-- ------------------------------------------------------
-- Server version	8.0.16

/*!40101 SET @OLD_CHARACTER_SET_CLIENT=@@CHARACTER_SET_CLIENT */;
/*!40101 SET @OLD_CHARACTER_SET_RESULTS=@@CHARACTER_SET_RESULTS */;
/*!40101 SET @OLD_COLLATION_CONNECTION=@@COLLATION_CONNECTION */;
 SET NAMES utf8 ;
/*!40103 SET @OLD_TIME_ZONE=@@TIME_ZONE */;
/*!40103 SET TIME_ZONE='+00:00' */;
/*!40014 SET @OLD_UNIQUE_CHECKS=@@UNIQUE_CHECKS, UNIQUE_CHECKS=0 */;
/*!40014 SET @OLD_FOREIGN_KEY_CHECKS=@@FOREIGN_KEY_CHECKS, FOREIGN_KEY_CHECKS=0 */;
/*!40101 SET @OLD_SQL_MODE=@@SQL_MODE, SQL_MODE='NO_AUTO_VALUE_ON_ZERO' */;
/*!40111 SET @OLD_SQL_NOTES=@@SQL_NOTES, SQL_NOTES=0 */;

--
-- Dumping data for table `activity_log`
--

LOCK TABLES `activity_log` WRITE;
/*!40000 ALTER TABLE `activity_log` DISABLE KEYS */;
set autocommit=0;
/*!40000 ALTER TABLE `activity_log` ENABLE KEYS */;
UNLOCK TABLES;
commit;

--
-- Dumping data for table `booked_visit_activity_log`
--

LOCK TABLES `booked_visit_activity_log` WRITE;
/*!40000 ALTER TABLE `booked_visit_activity_log` DISABLE KEYS */;
set autocommit=0;
/*!40000 ALTER TABLE `booked_visit_activity_log` ENABLE KEYS */;
UNLOCK TABLES;
commit;

--
-- Dumping data for table `booked_resource`
--

LOCK TABLES `booked_resource` WRITE;
/*!40000 ALTER TABLE `booked_resource` DISABLE KEYS */;
set autocommit=0;
INSERT INTO `booked_resource` (`id`, `booked_visit`, `resource`, `template_resource`, `duration`, `created_date`, `scheduled_end_time`, `scheduled_start_time`, `appointment_override_reason`, `billable`) VALUES (1,1,1,1,15,NULL,'2019-12-15 07:15:00','2019-12-15 07:00:00',NULL,0),(2,2,1,1,15,NULL,'2019-12-15 07:15:00','2019-12-15 07:00:00',NULL,0),(3,3,1,1,15,NULL,'2019-12-15 07:15:00','2019-12-15 07:00:00',NULL,0),(4,4,29,3,60,NULL,'2019-12-15 08:00:00','2019-12-15 07:00:00',NULL,0),(5,5,29,3,60,NULL,'2019-12-15 08:00:00','2019-12-15 07:00:00',NULL,0),(6,6,29,3,60,NULL,'2019-12-15 08:00:00','2019-12-15 07:00:00',NULL,0),(7,7,29,8,180,NULL,'2019-12-16 01:00:00','2019-12-15 22:00:00',NULL,0),(8,8,29,8,180,NULL,'2019-12-16 01:00:00','2019-12-15 22:00:00',NULL,0),(9,9,36,6,43440,NULL,'2020-01-15 01:00:00','2019-12-15 22:00:00',NULL,1),(10,10,36,6,43440,NULL,'2020-01-15 01:00:00','2019-12-15 22:00:00',NULL,1),(11,11,29,12,60,NULL,'2019-12-16 08:00:00','2019-12-16 07:00:00',NULL,0),(12,12,29,12,60,NULL,'2019-12-17 08:00:00','2019-12-17 07:00:00',NULL,0),(13,13,29,12,60,NULL,'2019-12-17 08:00:00','2019-12-17 07:00:00',NULL,0),(14,14,29,10,30,NULL,'2019-12-16 07:30:00','2019-12-16 07:00:00',NULL,0),(15,15,29,10,30,NULL,'2019-12-17 07:30:00','2019-12-17 07:00:00',NULL,0),(16,16,29,10,30,NULL,'2019-12-17 07:30:00','2019-12-17 07:00:00',NULL,0),(17,17,29,13,1410,NULL,'2019-12-18 11:30:00','2019-12-17 12:00:00',NULL,0),(18,18,29,13,1410,NULL,'2019-12-17 11:30:00','2019-12-16 12:00:00',NULL,0),(19,19,29,15,1440,NULL,'2019-12-21 06:00:00','2019-12-20 07:00:00',NULL,0),(20,20,29,15,1380,NULL,'2019-12-17 06:00:00','2019-12-16 07:00:00',NULL,0),(21,21,1,17,15,NULL,'2019-12-15 07:15:00','2019-12-15 07:00:00',NULL,0),(22,22,1,17,15,NULL,'2019-12-15 07:15:00','2019-12-15 07:00:00',NULL,0),(23,23,1,17,15,NULL,'2019-12-15 07:15:00','2019-12-15 07:00:00',NULL,0),(24,24,1,19,60,NULL,'2019-12-15 08:00:00','2019-12-15 07:00:00',NULL,0),(25,25,1,19,60,NULL,'2019-12-15 08:00:00','2019-12-15 07:00:00',NULL,0),(26,26,1,19,60,NULL,'2019-12-15 08:00:00','2019-12-15 07:00:00',NULL,0),(27,27,1,24,180,NULL,'2019-12-16 01:00:00','2019-12-15 22:00:00',NULL,0),(28,28,1,24,180,NULL,'2019-12-16 01:00:00','2019-12-15 22:00:00',NULL,0),(29,29,36,22,43440,NULL,'2020-01-15 01:00:00','2019-12-15 22:00:00',NULL,1),(30,30,36,22,43440,NULL,'2020-01-15 01:00:00','2019-12-15 22:00:00',NULL,1),(31,31,29,28,60,NULL,'2019-12-16 08:00:00','2019-12-16 07:00:00',NULL,0),(32,32,29,28,60,NULL,'2019-12-17 08:00:00','2019-12-17 07:00:00',NULL,0),(33,33,29,28,60,NULL,'2019-12-17 08:00:00','2019-12-17 07:00:00',NULL,0),(34,34,29,26,30,NULL,'2019-12-16 07:30:00','2019-12-16 07:00:00',NULL,0),(35,35,29,26,30,NULL,'2019-12-17 07:30:00','2019-12-17 07:00:00',NULL,0),(36,36,29,26,30,NULL,'2019-12-17 07:30:00','2019-12-17 07:00:00',NULL,0),(37,37,29,29,1410,NULL,'2019-12-18 11:30:00','2019-12-17 12:00:00',NULL,0),(38,38,29,29,1410,NULL,'2019-12-17 11:30:00','2019-12-16 12:00:00',NULL,0),(39,39,29,31,1440,NULL,'2019-12-21 06:00:00','2019-12-20 07:00:00',NULL,0),(40,40,29,31,1380,NULL,'2019-12-17 06:00:00','2019-12-16 07:00:00',NULL,0),(41,41,29,33,60,NULL,'2019-12-15 08:00:00','2019-12-15 07:00:00',NULL,0),(42,42,29,33,60,NULL,'2019-12-15 08:00:00','2019-12-15 07:00:00',NULL,0),(43,43,29,33,60,NULL,'2019-12-15 08:00:00','2019-12-15 07:00:00',NULL,0),(44,44,1,34,1800,NULL,'2019-12-16 13:00:00','2019-12-15 07:00:00',NULL,0),(45,45,1,34,1800,NULL,'2019-12-16 13:00:00','2019-12-15 07:00:00',NULL,0),(46,46,29,35,180,NULL,'2019-12-16 01:00:00','2019-12-15 22:00:00',NULL,0),(47,47,29,35,180,NULL,'2019-12-16 01:00:00','2019-12-15 22:00:00',NULL,0),(48,48,29,35,180,NULL,'2019-12-16 01:00:00','2019-12-15 22:00:00',NULL,0),(49,49,29,36,60,NULL,'2019-12-16 08:00:00','2019-12-16 07:00:00',NULL,0),(50,50,29,37,1800,NULL,'2019-12-17 13:00:00','2019-12-16 07:00:00',NULL,0),(51,51,29,38,180,NULL,'2019-12-18 01:00:00','2019-12-17 22:00:00',NULL,0),(52,52,29,45,60,NULL,'2019-12-15 08:00:00','2019-12-15 07:00:00',NULL,0),(53,53,1,46,1800,NULL,'2019-12-16 13:00:00','2019-12-15 07:00:00',NULL,0),(54,54,29,47,180,NULL,'2019-12-16 01:00:00','2019-12-15 22:00:00',NULL,0),(55,55,29,48,60,NULL,'2019-12-15 08:00:00','2019-12-15 07:00:00',NULL,0),(56,56,29,49,1800,NULL,'2019-12-16 13:00:00','2019-12-15 07:00:00',NULL,0),(57,57,29,50,180,NULL,'2019-12-17 01:00:00','2019-12-16 22:00:00',NULL,0),(58,58,29,25,15,NULL,'2019-12-17 07:15:00','2019-12-17 07:00:00',NULL,0),(59,59,29,25,15,NULL,'2019-12-17 07:15:00','2019-12-17 07:00:00',NULL,0),(60,60,29,25,15,NULL,'2019-12-12 07:15:00','2019-12-12 07:00:00',NULL,0),(61,61,29,25,15,NULL,'2019-12-17 07:15:00','2019-12-17 07:00:00',NULL,0),(62,62,29,9,15,NULL,'2019-12-15 07:15:00','2019-12-15 07:00:00',NULL,0),(63,63,29,9,15,NULL,'2019-12-17 07:15:00','2019-12-17 07:00:00',NULL,0),(64,64,29,9,15,NULL,'2019-12-12 07:15:00','2019-12-12 07:00:00',NULL,0),(65,65,29,9,15,NULL,'2019-12-17 07:15:00','2019-12-17 07:00:00',NULL,0),(66,66,29,33,60,NULL,'2019-12-15 08:00:00','2019-12-15 07:00:00',NULL,0),(67,67,41,6,43440,NULL,'2020-01-15 01:00:00','2019-12-15 22:00:00',NULL,1),(68,68,1,19,60,NULL,'2019-12-12 08:00:00','2019-12-12 07:00:00',NULL,0),(69,69,29,27,60,NULL,'2019-12-10 08:00:00','2019-12-10 07:00:00',NULL,0),(70,70,29,45,60,NULL,'2019-12-13 08:00:00','2019-12-13 07:00:00',NULL,0),(71,71,29,48,60,NULL,'2019-12-14 08:00:00','2019-12-14 07:00:00',NULL,0),(72,67,19,NULL,-28142,NULL,'2020-01-15 01:00:00','2019-12-15 22:00:00',NULL,0),(73,62,33,NULL,15,NULL,'2019-12-15 07:15:00','2019-12-15 07:00:00',NULL,0),(74,67,13,NULL,-28142,NULL,'2020-01-15 01:00:00','2019-12-15 22:00:00',NULL,0);
/*!40000 ALTER TABLE `booked_resource` ENABLE KEYS */;
UNLOCK TABLES;
commit;

--
-- Dumping data for table `booked_visit`
--

LOCK TABLES `booked_visit` WRITE;
/*!40000 ALTER TABLE `booked_visit` DISABLE KEYS */;
set autocommit=0;
INSERT INTO `booked_visit` (`id`, `study`, `visit_template`, `name`, `appointment_status`, `appointment_status_reason`, `scheduled_start_time`, `scheduled_end_time`, `comment`, `cancel_date`, `cancel_status`, `check_in_date`, `check_out_date`, `cancel_status_reason`, `checkout_status_reason`, `ommitted_activities`, `vary_duration`, `scheduling_time`, `scheduling_flavor`, `subject_mrn`, `scheduling_user`, `check_in_user`, `check_out_user`, `cancel_user`, `visit_type`) VALUES (1,1,1,'Out TA-001 WHT 13',1,NULL,'2019-12-15 07:00:00','2019-12-15 07:15:00','',NULL,NULL,NULL,NULL,NULL,NULL,0,0,NULL,'OVERBOOK',1,409,NULL,NULL,NULL,1),(2,1,1,'Out TA-001 WHT 13',2,NULL,'2019-12-15 07:00:00','2019-12-15 07:15:00','',NULL,NULL,'2019-12-15 12:14:39',NULL,NULL,NULL,0,0,NULL,'OVERBOOK',5,409,NULL,NULL,NULL,1),(3,1,1,'Out TA-001 WHT 13',3,15,'2019-12-15 07:00:00','2019-12-15 07:15:00','',NULL,NULL,'2019-12-15 12:14:40','2019-12-15 12:14:40',NULL,15,1,0,NULL,'OVERBOOK',3,409,NULL,NULL,NULL,1),(4,1,3,'Out TA-001 Non CRC',1,NULL,'2019-12-15 07:00:00','2019-12-15 08:00:00','',NULL,NULL,NULL,NULL,NULL,NULL,0,0,NULL,'OVERBOOK',2,409,NULL,NULL,NULL,2),(5,1,3,'Out TA-001 Non CRC',2,NULL,'2019-12-15 07:00:00','2019-12-15 08:00:00','',NULL,NULL,'2019-12-15 12:14:41',NULL,NULL,NULL,0,0,NULL,'OVERBOOK',6,409,NULL,NULL,NULL,2),(6,1,3,'Out TA-001 Non CRC',4,12,'2019-12-15 07:00:00','2019-12-15 08:00:00','','2019-12-15 12:14:42',6,NULL,NULL,12,NULL,0,0,NULL,'OVERBOOK',1,409,NULL,NULL,NULL,2),(7,1,8,'In TA-001 Off Institution',1,NULL,'2019-12-15 22:00:00','2019-12-16 01:00:00','',NULL,NULL,NULL,NULL,NULL,NULL,0,0,NULL,'OVERBOOK',4,409,NULL,NULL,NULL,6),(8,1,8,'In TA-001 Off Institution',3,15,'2019-12-15 22:00:00','2019-12-16 01:00:00','',NULL,NULL,'2019-12-15 12:14:43','2019-12-15 12:14:43',NULL,15,1,0,NULL,'OVERBOOK',6,409,NULL,NULL,NULL,6),(9,1,6,'In TA-001 CNY',2,NULL,'2019-12-15 22:00:00','2020-01-15 01:00:00','',NULL,NULL,'2019-12-15 12:14:43',NULL,NULL,NULL,0,0,NULL,'OVERBOOK',3,409,NULL,NULL,NULL,4),(10,1,6,'In TA-001 CNY',4,12,'2019-12-15 22:00:00','2020-01-15 01:00:00','','2019-12-15 12:14:44',6,NULL,NULL,12,NULL,0,0,NULL,'OVERBOOK',4,409,NULL,NULL,NULL,4),(11,2,12,'Out TA-002 Off Institution',1,NULL,'2019-12-16 07:00:00','2019-12-16 08:00:00','',NULL,NULL,NULL,NULL,NULL,NULL,0,0,NULL,'OVERBOOK',9,409,NULL,NULL,NULL,3),(12,2,12,'Out TA-002 Off Institution',2,NULL,'2019-12-17 07:00:00','2019-12-17 08:00:00','',NULL,NULL,'2019-12-15 12:14:45',NULL,NULL,NULL,0,0,NULL,'OVERBOOK',12,409,NULL,NULL,NULL,3),(13,2,12,'Out TA-002 Off Institution',3,15,'2019-12-17 07:00:00','2019-12-17 08:00:00','',NULL,NULL,'2019-12-15 12:14:45','2019-12-15 12:14:45',NULL,15,1,0,NULL,'OVERBOOK',8,409,NULL,NULL,NULL,3),(14,2,10,'Out TA-002 CNY',1,NULL,'2019-12-16 07:00:00','2019-12-16 07:30:00','',NULL,NULL,NULL,NULL,NULL,NULL,0,0,NULL,'OVERBOOK',10,409,NULL,NULL,NULL,1),(15,2,10,'Out TA-002 CNY',2,NULL,'2019-12-17 07:00:00','2019-12-17 07:30:00','',NULL,NULL,'2019-12-15 12:14:46',NULL,NULL,NULL,0,0,NULL,'OVERBOOK',7,409,NULL,NULL,NULL,1),(16,2,10,'Out TA-002 CNY',4,12,'2019-12-17 07:00:00','2019-12-17 07:30:00','','2019-12-15 12:14:46',7,NULL,NULL,12,NULL,0,0,NULL,'OVERBOOK',8,409,NULL,NULL,NULL,1),(17,2,13,'In TA-002 WHT 13',1,NULL,'2019-12-17 12:00:00','2019-12-18 11:30:00','',NULL,NULL,NULL,NULL,NULL,NULL,0,0,NULL,'OVERBOOK',8,409,NULL,NULL,NULL,4),(18,2,13,'In TA-002 WHT 13',3,15,'2019-12-16 12:00:00','2019-12-17 11:30:00','',NULL,NULL,'2019-12-15 12:14:47','2019-12-15 12:14:47',NULL,15,1,0,NULL,'OVERBOOK',7,409,NULL,NULL,NULL,4),(19,2,15,'In TA-002 Non CRC',2,NULL,'2019-12-20 07:00:00','2019-12-21 06:00:00','',NULL,NULL,'2019-12-15 12:14:48',NULL,NULL,NULL,0,0,NULL,'OVERBOOK',12,409,NULL,NULL,NULL,5),(20,2,15,'In TA-002 Non CRC',4,12,'2019-12-16 07:00:00','2019-12-17 06:00:00','','2019-12-15 12:14:49',6,NULL,NULL,12,NULL,0,0,NULL,'OVERBOOK',7,409,NULL,NULL,NULL,5),(21,7,17,'Out AS001 WHT 13',1,NULL,'2019-12-15 07:00:00','2019-12-15 07:15:00','',NULL,NULL,NULL,NULL,NULL,NULL,0,0,NULL,'OVERBOOK',31,409,NULL,NULL,NULL,1),(22,7,17,'Out AS001 WHT 13',2,NULL,'2019-12-15 07:00:00','2019-12-15 07:15:00','',NULL,NULL,'2019-12-15 12:14:49',NULL,NULL,NULL,0,0,NULL,'OVERBOOK',32,409,NULL,NULL,NULL,1),(23,7,17,'Out AS001 WHT 13',3,15,'2019-12-15 07:00:00','2019-12-15 07:15:00','',NULL,NULL,'2019-12-15 12:14:50','2019-12-15 12:14:50',NULL,15,1,0,NULL,'OVERBOOK',33,409,NULL,NULL,NULL,1),(24,7,19,'Out AS001 Non CRC',1,NULL,'2019-12-15 07:00:00','2019-12-15 08:00:00','',NULL,NULL,NULL,NULL,NULL,NULL,0,0,NULL,'OVERBOOK',32,409,NULL,NULL,NULL,2),(25,7,19,'Out AS001 Non CRC',2,NULL,'2019-12-15 07:00:00','2019-12-15 08:00:00','',NULL,NULL,'2019-12-15 12:14:51',NULL,NULL,NULL,0,0,NULL,'OVERBOOK',33,409,NULL,NULL,NULL,2),(26,7,19,'Out AS001 Non CRC',4,12,'2019-12-15 07:00:00','2019-12-15 08:00:00','','2019-12-15 12:14:51',6,NULL,NULL,12,NULL,0,0,NULL,'OVERBOOK',31,409,NULL,NULL,NULL,2),(27,7,24,'In AS001 Off Institution',1,NULL,'2019-12-15 22:00:00','2019-12-16 01:00:00','',NULL,NULL,NULL,NULL,NULL,NULL,0,0,NULL,'OVERBOOK',33,409,NULL,NULL,NULL,6),(28,7,24,'In AS001 Off Institution',3,15,'2019-12-15 22:00:00','2019-12-16 01:00:00','',NULL,NULL,'2019-12-15 12:14:52','2019-12-15 12:14:53',NULL,15,1,0,NULL,'OVERBOOK',31,409,NULL,NULL,NULL,6),(29,7,22,'In AS001 CNY',2,NULL,'2019-12-15 22:00:00','2020-01-15 01:00:00','',NULL,NULL,'2019-12-15 12:14:53',NULL,NULL,NULL,0,0,NULL,'OVERBOOK',31,409,NULL,NULL,NULL,4),(30,7,22,'In AS001 CNY',4,12,'2019-12-15 22:00:00','2020-01-15 01:00:00','','2019-12-15 12:14:54',6,NULL,NULL,12,NULL,0,0,NULL,'OVERBOOK',34,409,NULL,NULL,NULL,4),(31,8,28,'Out AS002 Off Institution',1,NULL,'2019-12-16 07:00:00','2019-12-16 08:00:00','',NULL,NULL,NULL,NULL,NULL,NULL,0,0,NULL,'OVERBOOK',35,409,NULL,NULL,NULL,3),(32,8,28,'Out AS002 Off Institution',2,NULL,'2019-12-17 07:00:00','2019-12-17 08:00:00','',NULL,NULL,'2019-12-15 12:14:54',NULL,NULL,NULL,0,0,NULL,'OVERBOOK',36,409,NULL,NULL,NULL,3),(33,8,28,'Out AS002 Off Institution',3,15,'2019-12-17 07:00:00','2019-12-17 08:00:00','',NULL,NULL,'2019-12-15 12:14:55','2019-12-15 12:14:55',NULL,15,1,0,NULL,'OVERBOOK',37,409,NULL,NULL,NULL,3),(34,8,26,'Out AS002 CNY',1,NULL,'2019-12-16 07:00:00','2019-12-16 07:30:00','',NULL,NULL,NULL,NULL,NULL,NULL,0,0,NULL,'OVERBOOK',36,409,NULL,NULL,NULL,1),(35,8,26,'Out AS002 CNY',2,NULL,'2019-12-17 07:00:00','2019-12-17 07:30:00','',NULL,NULL,'2019-12-15 12:14:56',NULL,NULL,NULL,0,0,NULL,'OVERBOOK',37,409,NULL,NULL,NULL,1),(36,8,26,'Out AS002 CNY',4,12,'2019-12-17 07:00:00','2019-12-17 07:30:00','','2019-12-15 12:14:56',7,NULL,NULL,12,NULL,0,0,NULL,'OVERBOOK',37,409,NULL,NULL,NULL,1),(37,8,29,'In AS002 WHT 13',1,NULL,'2019-12-17 12:00:00','2019-12-18 11:30:00','',NULL,NULL,NULL,NULL,NULL,NULL,0,0,NULL,'OVERBOOK',37,409,NULL,NULL,NULL,4),(38,8,29,'In AS002 WHT 13',3,15,'2019-12-16 12:00:00','2019-12-17 11:30:00','',NULL,NULL,'2019-12-15 12:14:57','2019-12-15 12:14:57',NULL,15,1,0,NULL,'OVERBOOK',35,409,NULL,NULL,NULL,4),(39,8,31,'In AS002 Non CRC',2,NULL,'2019-12-20 07:00:00','2019-12-21 06:00:00','',NULL,NULL,'2019-12-15 12:14:58',NULL,NULL,NULL,0,0,NULL,'OVERBOOK',35,409,NULL,NULL,NULL,5),(40,8,31,'In AS002 Non CRC',4,12,'2019-12-16 07:00:00','2019-12-17 06:00:00','','2019-12-15 12:14:59',6,NULL,NULL,12,NULL,0,0,NULL,'OVERBOOK',36,409,NULL,NULL,NULL,5),(41,3,33,'Out TB-003 Non CRC',1,NULL,'2019-12-15 07:00:00','2019-12-15 08:00:00','',NULL,NULL,NULL,NULL,NULL,NULL,0,0,NULL,'OVERBOOK',13,409,NULL,NULL,NULL,2),(42,3,33,'Out TB-003 Non CRC',2,NULL,'2019-12-15 07:00:00','2019-12-15 08:00:00','',NULL,NULL,'2019-12-15 12:14:59',NULL,NULL,NULL,0,0,NULL,'OVERBOOK',16,409,NULL,NULL,NULL,2),(43,3,33,'Out TB-003 Non CRC',4,12,'2019-12-15 07:00:00','2019-12-15 08:00:00','','2019-12-15 12:15:00',6,NULL,NULL,12,NULL,0,0,NULL,'OVERBOOK',15,409,NULL,NULL,NULL,2),(44,3,34,'In RT TB-003 WHT 13',1,NULL,'2019-12-15 07:00:00','2019-12-16 13:00:00','',NULL,NULL,NULL,NULL,NULL,NULL,0,0,NULL,'OVERBOOK',14,409,NULL,NULL,NULL,4),(45,3,34,'In RT TB-003 WHT 13',3,15,'2019-12-15 07:00:00','2019-12-16 13:00:00','',NULL,NULL,'2019-12-15 12:15:01','2019-12-15 12:15:01',NULL,15,1,0,NULL,'OVERBOOK',15,409,NULL,NULL,NULL,4),(46,3,35,'In TB-003 CNY',2,NULL,'2019-12-15 22:00:00','2019-12-16 01:00:00','',NULL,NULL,'2019-12-15 12:15:02',NULL,NULL,NULL,0,0,NULL,'OVERBOOK',18,409,NULL,NULL,NULL,4),(47,3,35,'In TB-003 CNY',3,15,'2019-12-15 22:00:00','2019-12-16 01:00:00','',NULL,NULL,'2019-12-15 12:15:02','2019-12-15 12:15:02',NULL,15,1,0,NULL,'OVERBOOK',16,409,NULL,NULL,NULL,4),(48,3,35,'In TB-003 CNY',4,12,'2019-12-15 22:00:00','2019-12-16 01:00:00','','2019-12-15 12:15:03',6,NULL,NULL,12,NULL,0,0,NULL,'OVERBOOK',17,409,NULL,NULL,NULL,4),(49,4,36,'Out TC-004 Non CRC',1,NULL,'2019-12-16 07:00:00','2019-12-16 08:00:00','',NULL,NULL,NULL,NULL,NULL,NULL,0,0,NULL,'OVERBOOK',19,409,NULL,NULL,NULL,2),(50,4,37,'In RT TC-004 WHT 13',1,NULL,'2019-12-16 07:00:00','2019-12-17 13:00:00','',NULL,NULL,NULL,NULL,NULL,NULL,0,0,NULL,'OVERBOOK',20,409,NULL,NULL,NULL,4),(51,4,38,'In TC-004 CNY',1,NULL,'2019-12-17 22:00:00','2019-12-18 01:00:00','',NULL,NULL,NULL,NULL,NULL,NULL,0,0,NULL,'OVERBOOK',21,409,NULL,NULL,NULL,4),(52,9,45,'Out AS003 Non CRC',1,NULL,'2019-12-15 07:00:00','2019-12-15 08:00:00','',NULL,NULL,NULL,NULL,NULL,NULL,0,0,NULL,'OVERBOOK',39,409,NULL,NULL,NULL,2),(53,9,46,'In RT AS003 WHT 13',1,NULL,'2019-12-15 07:00:00','2019-12-16 13:00:00','',NULL,NULL,NULL,NULL,NULL,NULL,0,0,NULL,'OVERBOOK',40,409,NULL,NULL,NULL,4),(54,9,47,'In AS003 CNY',1,NULL,'2019-12-15 22:00:00','2019-12-16 01:00:00','',NULL,NULL,NULL,NULL,NULL,NULL,0,0,NULL,'OVERBOOK',41,409,NULL,NULL,NULL,4),(55,10,48,'Out AS004 Non CRC',1,NULL,'2019-12-15 07:00:00','2019-12-15 08:00:00','',NULL,NULL,NULL,NULL,NULL,NULL,0,0,NULL,'OVERBOOK',43,409,NULL,NULL,NULL,2),(56,10,49,'In RT AS004 WHT 13',1,NULL,'2019-12-15 07:00:00','2019-12-16 13:00:00','',NULL,NULL,NULL,NULL,NULL,NULL,0,0,NULL,'OVERBOOK',44,409,NULL,NULL,NULL,4),(57,10,50,'In AS004 CNY',1,NULL,'2019-12-16 22:00:00','2019-12-17 01:00:00','',NULL,NULL,NULL,NULL,NULL,NULL,0,0,NULL,'OVERBOOK',45,409,NULL,NULL,NULL,4),(58,8,25,'Out AS002 WHT 13',1,NULL,'2019-12-17 07:00:00','2019-12-17 07:15:00','',NULL,NULL,NULL,NULL,NULL,NULL,0,0,NULL,'OVERBOOK',31,409,NULL,NULL,NULL,1),(59,8,25,'Out AS002 WHT 13',2,NULL,'2019-12-17 07:00:00','2019-12-17 07:15:00','',NULL,NULL,'2019-12-15 12:15:08',NULL,NULL,NULL,0,0,NULL,'OVERBOOK',31,409,NULL,NULL,NULL,1),(60,8,25,'Out AS002 WHT 13',3,15,'2019-12-12 07:00:00','2019-12-12 07:15:00','',NULL,NULL,'2019-12-15 12:15:09','2019-12-15 12:15:09',NULL,15,1,0,NULL,'OVERBOOK',31,409,NULL,NULL,NULL,1),(61,8,25,'Out AS002 WHT 13',4,12,'2019-12-17 07:00:00','2019-12-17 07:15:00','','2019-12-15 12:15:09',7,NULL,NULL,12,NULL,0,0,NULL,'OVERBOOK',31,409,NULL,NULL,NULL,1),(62,2,9,'Out TA-002 WHT 13',1,NULL,'2019-12-15 07:00:00','2019-12-15 07:15:00','',NULL,NULL,NULL,NULL,NULL,NULL,0,0,NULL,'OVERBOOK',1,409,NULL,NULL,NULL,1),(63,2,9,'Out TA-002 WHT 13',2,NULL,'2019-12-17 07:00:00','2019-12-17 07:15:00','',NULL,NULL,'2019-12-15 12:15:10',NULL,NULL,NULL,0,0,NULL,'OVERBOOK',1,409,NULL,NULL,NULL,1),(64,2,9,'Out TA-002 WHT 13',3,15,'2019-12-12 07:00:00','2019-12-12 07:15:00','',NULL,NULL,'2019-12-15 12:15:11','2019-12-15 12:15:11',NULL,15,1,0,NULL,'OVERBOOK',1,409,NULL,NULL,NULL,1),(65,2,9,'Out TA-002 WHT 13',4,12,'2019-12-17 07:00:00','2019-12-17 07:15:00','','2019-12-15 12:15:11',7,NULL,NULL,12,NULL,0,0,NULL,'OVERBOOK',1,409,NULL,NULL,NULL,1),(66,3,33,'Out TB-003 Non CRC',1,NULL,'2019-12-15 07:00:00','2019-12-15 08:00:00','',NULL,NULL,NULL,NULL,NULL,NULL,0,0,NULL,'OVERBOOK',1,409,NULL,NULL,NULL,2),(67,1,6,'In TA-001 CNY',1,NULL,'2019-12-15 22:00:00','2020-01-15 01:00:00','',NULL,NULL,NULL,NULL,NULL,NULL,0,0,NULL,'OVERBOOK',31,409,NULL,NULL,NULL,4),(68,7,19,'Out AS001 Non CRC',3,15,'2019-12-12 07:00:00','2019-12-12 08:00:00','',NULL,NULL,'2019-12-15 12:15:13','2019-12-15 12:15:13',NULL,15,1,0,NULL,'OVERBOOK',33,409,NULL,NULL,NULL,2),(69,8,27,'Out AS002 Non CRC',3,15,'2019-12-10 07:00:00','2019-12-10 08:00:00','',NULL,NULL,'2019-12-15 12:15:14','2019-12-15 12:15:14',NULL,15,1,0,NULL,'OVERBOOK',37,409,NULL,NULL,NULL,2),(70,9,45,'Out AS003 Non CRC',3,15,'2019-12-13 07:00:00','2019-12-13 08:00:00','',NULL,NULL,'2019-12-15 12:15:14','2019-12-15 12:15:15',NULL,15,1,0,NULL,'OVERBOOK',40,409,NULL,NULL,NULL,2),(71,10,48,'Out AS004 Non CRC',3,15,'2019-12-14 07:00:00','2019-12-14 08:00:00','',NULL,NULL,'2019-12-15 12:15:15','2019-12-15 12:15:16',NULL,15,1,0,NULL,'OVERBOOK',45,409,NULL,NULL,NULL,2);
/*!40000 ALTER TABLE `booked_visit` ENABLE KEYS */;
UNLOCK TABLES;
commit;

--
-- Dumping data for table `override_booked_resource_annotations`
--

LOCK TABLES `override_booked_resource_annotations` WRITE;
/*!40000 ALTER TABLE `override_booked_resource_annotations` DISABLE KEYS */;
set autocommit=0;
INSERT INTO `override_booked_resource_annotations` (`id`, `booked_resource`, `line_level_annotations`, `quantity`, `comment`) VALUES (1,67,62,1,'demo'),(2,72,32,1,'demo'),(3,73,62,1,'demo'),(4,44,3,1,''),(5,44,68,1,''),(6,44,29,1,''),(7,7,61,1,''),(8,4,61,1,''),(9,21,2,1,''),(10,21,31,1,''),(11,22,31,1,''),(12,22,14,1,''),(13,74,48,1,'');
/*!40000 ALTER TABLE `override_booked_resource_annotations` ENABLE KEYS */;
UNLOCK TABLES;
commit;

--
-- Dumping data for table `resource`
--

LOCK TABLES `resource` WRITE;
/*!40000 ALTER TABLE `resource` DISABLE KEYS */;
set autocommit=0;
INSERT INTO `resource` (`id`, `name`, `shared_resource`, `type`, `shared_resource_notes`) VALUES (1,'Nurse - Sub-Location 1',NULL,'Nursing',NULL),(2,'Nurse - Sub-Location 2',NULL,'Nursing',NULL),(3,'Nurse - Sub-Location 3',NULL,'Nursing',NULL),(4,'Nurse - Sub-Location 4',NULL,'Nursing',NULL),(5,'Nurse Practitioner  - Sub-Location 1',NULL,'Nursing',NULL),(6,'Nurse Practitioner  - Sub-Location 2',NULL,'Nursing',NULL),(7,'Nurse Practitioner  - Sub-Location 3',NULL,'Nursing',NULL),(8,'Assistant/Tech, Lab - Sub-Location 1',NULL,'Nursing',NULL),(9,'Assistant/Tech, Lab - Sub-Location 2',NULL,'Nursing',NULL),(10,'Assistant/Tech, Lab - Sub-Location 3',NULL,'Nursing',NULL),(11,'Assistant/Tech, Lab - Sub-Location 4',NULL,'Nursing',NULL),(12,'Dietitian, Research - Sub-Location 1',NULL,'Nutrition',NULL),(13,'Dietitian, Research - Sub-Location 2',NULL,'Nutrition',NULL),(14,'Dietitian, Research - Sub-Location 3',NULL,'Nutrition',NULL),(15,'Dietitian, Research - Sub-Location 4',NULL,'Nutrition',NULL),(16,'Assistant/Tech, Diet - Sub-Location 1',NULL,'Nutrition',NULL),(17,'Assistant/Tech, Diet - Sub-Location 2',NULL,'Nutrition',NULL),(18,'DXA - Sub-Location 4',NULL,'Other',NULL),(19,'Calorimeter, Indirect - Sub-Location 1',NULL,'Other',NULL),(20,'Calorimeter, Indirect - Sub-Location 2',NULL,'Other',NULL),(21,'Meal, Weighed-Controlled - Sub-Location 1',NULL,'Nutrition',NULL),(22,'Meal, Weighed-Controlled - Sub-Location 2',NULL,'Nutrition',NULL),(23,'Meal, Weighed-Controlled - Sub-Location 3',NULL,'Nutrition',NULL),(24,'Meal, Weighed-Controlled - Sub-Location 4',NULL,'Nutrition',NULL),(25,'Meal, Regular - Sub-Location 1',NULL,'Nutrition',NULL),(26,'Meal, Regular - Sub-Location 2',NULL,'Nutrition',NULL),(27,'Meal, Regular - Sub-Location 3',NULL,'Nutrition',NULL),(28,'Meal, Regular - Sub-Location 4',NULL,'Nutrition',NULL),(29,'Snack- Sub-Location 1',NULL,'Nutrition',NULL),(30,'Snack- Sub-Location 2',NULL,'Nutrition',NULL),(31,'Snack- Sub-Location 3',NULL,'Nutrition',NULL),(32,'Snack- Sub-Location 4',NULL,'Nutrition',NULL),(33,'Room 1 - Sub-Location 1',NULL,'Room',NULL),(34,'Room 2 - Sub-Location 1',NULL,'Room',NULL),(35,'Room 3 - Sub-Location 1',NULL,'Room',NULL),(36,'Room 1 - Sub-Location 2',NULL,'Room',NULL),(37,'Room 2 - Sub-Location 2',NULL,'Room',NULL),(38,'Room 3 - Sub-Location 2',NULL,'Room',NULL),(39,'Room 1 - Sub-Location 3',NULL,'Room',NULL),(40,'Room 2 - Sub-Location 3',NULL,'Room',NULL),(41,'Room 3 - Sub-Location 3',NULL,'Room',NULL),(42,'Room 1 - Sub-Location 4',NULL,'Room',NULL),(43,'Room 2 - Sub-Location 4',NULL,'Room',NULL),(44,'Room 3 - Sub-Location 4',NULL,'Room',NULL),(45,'Device, Vitaport - Sub-Location 3',NULL,'Other',NULL);
/*!40000 ALTER TABLE `resource` ENABLE KEYS */;
UNLOCK TABLES;
commit;

--
-- Dumping data for table `resource_alternate`
--

LOCK TABLES `resource_alternate` WRITE;
/*!40000 ALTER TABLE `resource_alternate` DISABLE KEYS */;
set autocommit=0;
/*!40000 ALTER TABLE `resource_alternate` ENABLE KEYS */;
UNLOCK TABLES;
commit;

--
-- Dumping data for table `resource_annotation`
--

LOCK TABLES `resource_annotation` WRITE;
/*!40000 ALTER TABLE `resource_annotation` DISABLE KEYS */;
set autocommit=0;
INSERT INTO `resource_annotation` (`id`, `resource`, `line_level_annotations`) VALUES (1,1,1),(2,1,2),(3,1,3),(4,1,4),(5,1,5),(6,1,6),(7,1,7),(8,1,8),(9,1,9),(10,1,10),(11,1,11),(12,1,12),(13,1,13),(14,1,14),(15,1,15),(16,1,16),(17,1,17),(18,1,18),(19,1,19),(20,1,20),(21,1,21),(22,1,22),(23,1,23),(24,1,24),(25,1,25),(26,1,26),(27,1,27),(28,1,28),(29,1,29),(30,1,30),(31,1,31),(32,1,32),(33,1,33),(34,1,34),(35,1,35),(36,1,36),(37,1,37),(38,1,38),(39,1,66),(40,1,67),(41,1,68),(42,1,69),(43,1,70),(44,1,71),(45,2,1),(46,2,2),(47,2,3),(48,2,4),(49,2,5),(50,2,6),(51,2,7),(52,2,8),(53,2,9),(54,2,10),(55,2,11),(56,2,12),(57,2,13),(58,2,14),(59,2,15),(60,2,16),(61,2,17),(62,2,18),(63,2,19),(64,2,20),(65,2,21),(66,2,22),(67,2,23),(68,2,24),(69,2,25),(70,2,26),(71,2,27),(72,2,28),(73,2,29),(74,2,30),(75,2,31),(76,2,32),(77,2,33),(78,2,34),(79,2,35),(80,2,36),(81,2,37),(82,2,38),(83,2,66),(84,2,67),(85,2,68),(86,2,69),(87,2,70),(88,2,71),(89,3,1),(90,3,2),(91,3,3),(92,3,4),(93,3,5),(94,3,6),(95,3,7),(96,3,8),(97,3,9),(98,3,10),(99,3,11),(100,3,12),(101,3,13),(102,3,14),(103,3,15),(104,3,16),(105,3,17),(106,3,18),(107,3,19),(108,3,20),(109,3,21),(110,3,22),(111,3,23),(112,3,24),(113,3,25),(114,3,26),(115,3,27),(116,3,28),(117,3,29),(118,3,30),(119,3,31),(120,3,32),(121,3,33),(122,3,34),(123,3,35),(124,3,36),(125,3,37),(126,3,38),(127,3,66),(128,3,67),(129,3,68),(130,3,69),(131,3,70),(132,3,71),(133,4,1),(134,4,2),(135,4,3),(136,4,4),(137,4,5),(138,4,6),(139,4,7),(140,4,8),(141,4,9),(142,4,10),(143,4,11),(144,4,12),(145,4,13),(146,4,14),(147,4,15),(148,4,16),(149,4,17),(150,4,18),(151,4,19),(152,4,20),(153,4,21),(154,4,22),(155,4,23),(156,4,24),(157,4,25),(158,4,26),(159,4,27),(160,4,28),(161,4,29),(162,4,30),(163,4,31),(164,4,32),(165,4,33),(166,4,34),(167,4,35),(168,4,36),(169,4,37),(170,4,38),(171,4,66),(172,4,67),(173,4,68),(174,4,69),(175,4,70),(176,4,71),(177,5,1),(178,5,2),(179,5,3),(180,5,4),(181,5,5),(182,5,6),(183,5,7),(184,5,8),(185,5,9),(186,5,10),(187,5,11),(188,5,12),(189,5,13),(190,5,14),(191,5,15),(192,5,16),(193,5,17),(194,5,18),(195,5,19),(196,5,20),(197,5,21),(198,5,22),(199,5,23),(200,5,24),(201,5,25),(202,5,26),(203,5,27),(204,5,28),(205,5,29),(206,5,30),(207,5,31),(208,5,32),(209,5,33),(210,5,34),(211,5,35),(212,5,36),(213,5,37),(214,5,38),(215,5,39),(216,5,40),(217,5,41),(218,5,42),(219,5,43),(220,5,44),(221,5,66),(222,5,67),(223,5,68),(224,5,69),(225,5,70),(226,5,71),(227,6,1),(228,6,2),(229,6,3),(230,6,4),(231,6,5),(232,6,6),(233,6,7),(234,6,8),(235,6,9),(236,6,10),(237,6,11),(238,6,12),(239,6,13),(240,6,14),(241,6,15),(242,6,16),(243,6,17),(244,6,18),(245,6,19),(246,6,20),(247,6,21),(248,6,22),(249,6,23),(250,6,24),(251,6,25),(252,6,26),(253,6,27),(254,6,28),(255,6,29),(256,6,30),(257,6,31),(258,6,32),(259,6,33),(260,6,34),(261,6,35),(262,6,36),(263,6,37),(264,6,38),(265,6,39),(266,6,40),(267,6,41),(268,6,42),(269,6,43),(270,6,44),(271,6,66),(272,6,67),(273,6,68),(274,6,69),(275,6,70),(276,6,71),(277,7,1),(278,7,2),(279,7,3),(280,7,4),(281,7,5),(282,7,6),(283,7,7),(284,7,8),(285,7,9),(286,7,10),(287,7,11),(288,7,12),(289,7,13),(290,7,14),(291,7,15),(292,7,16),(293,7,17),(294,7,18),(295,7,19),(296,7,20),(297,7,21),(298,7,22),(299,7,23),(300,7,24),(301,7,25),(302,7,26),(303,7,27),(304,7,28),(305,7,29),(306,7,30),(307,7,31),(308,7,32),(309,7,33),(310,7,34),(311,7,35),(312,7,36),(313,7,37),(314,7,38),(315,7,39),(316,7,40),(317,7,41),(318,7,42),(319,7,43),(320,7,44),(321,7,66),(322,7,67),(323,7,68),(324,7,69),(325,7,70),(326,7,71),(327,8,1),(328,8,2),(329,8,3),(330,8,4),(331,8,5),(332,8,6),(333,8,7),(334,8,8),(335,8,9),(336,8,10),(337,8,11),(338,8,12),(339,8,13),(340,8,14),(341,8,15),(342,8,16),(343,8,17),(344,8,18),(345,8,19),(346,8,20),(347,8,21),(348,8,22),(349,8,23),(350,8,24),(351,8,25),(352,8,26),(353,8,27),(354,8,28),(355,8,29),(356,8,30),(357,8,31),(358,8,32),(359,8,33),(360,8,34),(361,8,35),(362,8,36),(363,8,37),(364,8,38),(365,8,66),(366,8,68),(367,8,69),(368,8,70),(369,8,71),(370,9,1),(371,9,2),(372,9,3),(373,9,4),(374,9,5),(375,9,6),(376,9,7),(377,9,8),(378,9,9),(379,9,10),(380,9,11),(381,9,12),(382,9,13),(383,9,14),(384,9,15),(385,9,16),(386,9,17),(387,9,18),(388,9,19),(389,9,20),(390,9,21),(391,9,22),(392,9,23),(393,9,24),(394,9,25),(395,9,26),(396,9,27),(397,9,28),(398,9,29),(399,9,30),(400,9,31),(401,9,32),(402,9,33),(403,9,34),(404,9,35),(405,9,36),(406,9,37),(407,9,38),(408,9,66),(409,9,68),(410,9,69),(411,9,70),(412,9,71),(413,10,1),(414,10,2),(415,10,3),(416,10,4),(417,10,5),(418,10,6),(419,10,7),(420,10,8),(421,10,9),(422,10,10),(423,10,11),(424,10,12),(425,10,13),(426,10,14),(427,10,15),(428,10,16),(429,10,17),(430,10,18),(431,10,19),(432,10,20),(433,10,21),(434,10,22),(435,10,23),(436,10,24),(437,10,25),(438,10,26),(439,10,27),(440,10,28),(441,10,29),(442,10,30),(443,10,31),(444,10,32),(445,10,33),(446,10,34),(447,10,35),(448,10,36),(449,10,37),(450,10,38),(451,10,66),(452,10,68),(453,10,69),(454,10,70),(455,10,71),(456,11,1),(457,11,2),(458,11,3),(459,11,4),(460,11,5),(461,11,6),(462,11,7),(463,11,8),(464,11,9),(465,11,10),(466,11,11),(467,11,12),(468,11,13),(469,11,14),(470,11,15),(471,11,16),(472,11,17),(473,11,18),(474,11,19),(475,11,20),(476,11,21),(477,11,22),(478,11,23),(479,11,24),(480,11,25),(481,11,26),(482,11,27),(483,11,28),(484,11,29),(485,11,30),(486,11,31),(487,11,32),(488,11,33),(489,11,34),(490,11,35),(491,11,36),(492,11,37),(493,11,38),(494,11,66),(495,11,68),(496,11,69),(497,11,70),(498,11,71),(507,12,1),(508,12,21),(509,12,22),(510,12,25),(511,12,26),(512,12,27),(499,12,45),(500,12,46),(501,12,47),(502,12,48),(503,12,49),(504,12,50),(505,12,51),(506,12,52),(513,12,66),(522,13,1),(523,13,21),(524,13,22),(525,13,25),(526,13,26),(527,13,27),(514,13,45),(515,13,46),(516,13,47),(517,13,48),(518,13,49),(519,13,50),(520,13,51),(521,13,52),(528,13,66),(537,14,1),(538,14,21),(539,14,22),(540,14,25),(541,14,26),(542,14,27),(529,14,45),(530,14,46),(531,14,47),(532,14,48),(533,14,49),(534,14,50),(535,14,51),(536,14,52),(543,14,66),(552,15,1),(553,15,21),(554,15,22),(555,15,25),(556,15,26),(557,15,27),(544,15,45),(545,15,46),(546,15,47),(547,15,48),(548,15,49),(549,15,50),(550,15,51),(551,15,52),(558,15,66),(567,16,1),(568,16,21),(569,16,22),(570,16,25),(571,16,26),(572,16,27),(559,16,45),(560,16,46),(561,16,47),(562,16,48),(563,16,49),(564,16,50),(565,16,51),(566,16,52),(573,16,66),(582,17,1),(583,17,21),(584,17,22),(585,17,25),(586,17,26),(587,17,27),(574,17,45),(575,17,46),(576,17,47),(577,17,48),(578,17,49),(579,17,50),(580,17,51),(581,17,52),(588,17,66),(589,18,58),(590,18,59),(591,18,60),(593,19,32),(592,19,62),(595,20,32),(594,20,62),(596,21,61),(597,21,63),(598,21,64),(599,21,65),(600,22,61),(601,22,63),(602,22,64),(603,22,65),(604,23,61),(605,23,63),(606,23,64),(607,23,65),(608,24,61),(609,24,63),(610,24,64),(611,24,65),(612,25,61),(613,25,63),(614,25,64),(615,25,65),(616,26,61),(617,26,63),(618,26,64),(619,26,65),(620,27,61),(621,27,63),(622,27,64),(623,27,65),(624,28,61),(625,28,63),(626,28,64),(627,28,65),(628,29,61),(629,30,61),(630,31,61),(631,32,61),(632,33,62),(633,34,62),(634,35,62),(635,36,62),(636,37,62),(637,38,62),(638,39,62),(639,40,62),(640,41,62),(641,42,62),(642,43,62),(643,44,62),(644,45,32),(645,45,55),(646,45,56),(647,45,57);
/*!40000 ALTER TABLE `resource_annotation` ENABLE KEYS */;
UNLOCK TABLES;
commit;

--
-- Dumping data for table `resource_schedule`
--

LOCK TABLES `resource_schedule` WRITE;
/*!40000 ALTER TABLE `resource_schedule` DISABLE KEYS */;
set autocommit=0;
INSERT INTO `resource_schedule` (`id`, `resource`, `start_time`, `end_time`, `day_of_week`, `quantity`, `override`) VALUES (1,17,'2010-12-25 00:00:00','2010-12-25 23:59:00',1,1,0),(2,17,'2010-12-25 00:00:00','2010-12-25 23:59:00',2,1,0),(3,17,'2010-12-25 00:00:00','2010-12-25 23:59:00',3,1,0),(4,17,'2010-12-25 00:00:00','2010-12-25 23:59:00',4,1,0),(5,17,'2010-12-25 00:00:00','2010-12-25 23:59:00',5,1,0),(6,17,'2010-12-25 00:00:00','2010-12-25 23:59:00',6,1,0),(7,17,'2010-12-25 00:00:00','2010-12-25 23:59:00',7,1,0),(8,9,'2010-12-25 00:00:00','2010-12-25 23:59:00',1,1,0),(9,9,'2010-12-25 00:00:00','2010-12-25 23:59:00',2,1,0),(10,9,'2010-12-25 00:00:00','2010-12-25 23:59:00',3,1,0),(11,9,'2010-12-25 00:00:00','2010-12-25 23:59:00',4,1,0),(12,9,'2010-12-25 00:00:00','2010-12-25 23:59:00',5,1,0),(13,9,'2010-12-25 00:00:00','2010-12-25 23:59:00',6,1,0),(14,9,'2010-12-25 00:00:00','2010-12-25 23:59:00',7,1,0),(15,11,'2010-12-25 00:00:00','2010-12-25 23:59:00',1,1,0),(16,11,'2010-12-25 00:00:00','2010-12-25 23:59:00',2,1,0),(17,11,'2010-12-25 00:00:00','2010-12-25 23:59:00',3,1,0),(18,11,'2010-12-25 00:00:00','2010-12-25 23:59:00',4,1,0),(19,11,'2010-12-25 00:00:00','2010-12-25 23:59:00',5,1,0),(20,11,'2010-12-25 00:00:00','2010-12-25 23:59:00',6,1,0),(21,11,'2010-12-25 00:00:00','2010-12-25 23:59:00',7,1,0),(22,19,'2010-12-25 00:00:00','2010-12-25 23:59:00',1,1,0),(23,19,'2010-12-25 00:00:00','2010-12-25 23:59:00',2,1,0),(24,19,'2010-12-25 00:00:00','2010-12-25 23:59:00',3,1,0),(25,19,'2010-12-25 00:00:00','2010-12-25 23:59:00',4,1,0),(26,19,'2010-12-25 00:00:00','2010-12-25 23:59:00',5,1,0),(27,19,'2010-12-25 00:00:00','2010-12-25 23:59:00',6,1,0),(28,19,'2010-12-25 00:00:00','2010-12-25 23:45:00',7,1,0),(29,45,'2010-12-25 00:00:00','2010-12-25 23:59:00',1,1,0),(30,45,'2010-12-25 00:00:00','2010-12-25 23:59:00',2,1,0),(31,45,'2010-12-25 00:00:00','2010-12-25 23:59:00',3,1,0),(32,45,'2010-12-25 00:00:00','2010-12-25 23:59:00',4,1,0),(33,45,'2010-12-25 00:00:00','2010-12-25 23:59:00',5,1,0),(34,45,'2010-12-25 00:00:00','2010-12-25 23:59:00',6,1,0),(35,45,'2010-12-25 00:00:00','2010-12-25 23:59:00',7,1,0),(36,13,'2010-12-25 00:00:00','2010-12-25 23:59:00',1,1,0),(37,13,'2010-12-25 00:00:00','2010-12-25 23:59:00',2,1,0),(38,13,'2010-12-25 00:00:00','2010-12-25 23:59:00',3,1,0),(39,13,'2010-12-25 00:00:00','2010-12-25 23:59:00',4,1,0),(40,13,'2010-12-25 00:00:00','2010-12-25 23:59:00',5,1,0),(41,13,'2010-12-25 00:00:00','2010-12-25 23:59:00',6,1,0),(42,13,'2010-12-25 00:00:00','2010-12-25 23:59:00',7,1,0),(43,25,'2010-12-25 00:00:00','2010-12-25 23:59:00',1,1,0),(44,25,'2010-12-25 00:00:00','2010-12-25 23:59:00',2,1,0),(45,25,'2010-12-25 00:00:00','2010-12-25 23:59:00',3,1,0),(46,25,'2010-12-25 00:00:00','2010-12-25 23:59:00',4,1,0),(47,25,'2010-12-25 00:00:00','2010-12-25 23:59:00',5,1,0),(48,25,'2010-12-25 00:00:00','2010-12-25 23:59:00',6,1,0),(49,25,'2010-12-25 00:00:00','2010-12-25 23:59:00',7,1,0),(50,27,'2010-12-25 00:00:00','2010-12-25 23:59:00',1,1,0),(51,27,'2010-12-25 00:00:00','2010-12-25 23:59:00',2,1,0),(52,27,'2010-12-25 00:00:00','2010-12-25 23:59:00',3,1,0),(53,27,'2010-12-25 00:00:00','2010-12-25 23:59:00',4,1,0),(54,27,'2010-12-25 00:00:00','2010-12-25 23:59:00',5,1,0),(55,27,'2010-12-25 00:00:00','2010-12-25 23:59:00',6,1,0),(56,27,'2010-12-25 00:00:00','2010-12-25 23:59:00',7,1,0),(57,1,'2010-12-25 00:00:00','2010-12-25 23:59:00',1,1,0),(58,1,'2010-12-25 00:00:00','2010-12-25 23:59:00',2,1,0),(59,1,'2010-12-25 00:00:00','2010-12-25 23:59:00',3,1,0),(60,1,'2010-12-25 00:00:00','2010-12-25 23:59:00',4,1,0),(61,1,'2010-12-25 00:00:00','2010-12-25 23:59:00',5,1,0),(62,1,'2010-12-25 00:00:00','2010-12-25 23:59:00',6,1,0),(63,1,'2010-12-25 00:00:00','2010-12-25 23:59:00',7,1,0),(64,3,'2010-12-25 00:00:00','2010-12-25 23:59:00',1,1,0),(65,3,'2010-12-25 00:00:00','2010-12-25 23:59:00',2,1,0),(66,3,'2010-12-25 00:00:00','2010-12-25 23:59:00',3,1,0),(67,3,'2010-12-25 00:00:00','2010-12-25 23:59:00',4,1,0),(68,3,'2010-12-25 00:00:00','2010-12-25 23:59:00',5,1,0),(69,3,'2010-12-25 00:00:00','2010-12-25 23:59:00',6,1,0),(70,3,'2010-12-25 00:00:00','2010-12-25 23:59:00',7,1,0),(71,7,'2010-12-25 00:00:00','2010-12-25 23:59:00',1,1,0),(72,7,'2010-12-25 00:00:00','2010-12-25 23:59:00',2,1,0),(73,7,'2010-12-25 00:00:00','2010-12-25 23:59:00',3,1,0),(74,7,'2010-12-25 00:00:00','2010-12-25 23:59:00',4,1,0),(75,7,'2010-12-25 00:00:00','2010-12-25 23:59:00',5,1,0),(76,7,'2010-12-25 00:00:00','2010-12-25 23:59:00',6,1,0),(77,7,'2010-12-25 00:00:00','2010-12-25 23:59:00',7,1,0),(78,5,'2010-12-25 00:00:00','2010-12-25 23:59:00',1,1,0),(79,5,'2010-12-25 00:00:00','2010-12-25 23:59:00',2,1,0),(80,5,'2010-12-25 00:00:00','2010-12-25 23:59:00',3,1,0),(81,5,'2010-12-25 00:00:00','2010-12-25 23:59:00',4,1,0),(82,5,'2010-12-25 00:00:00','2010-12-25 23:59:00',5,1,0),(83,5,'2010-12-25 00:00:00','2010-12-25 23:59:00',6,1,0),(84,5,'2010-12-25 00:00:00','2010-12-25 23:59:00',7,1,0),(85,33,'2010-12-25 00:00:00','2010-12-25 23:59:00',1,1,0),(86,33,'2010-12-25 00:00:00','2010-12-25 23:59:00',2,1,0),(87,33,'2010-12-25 00:00:00','2010-12-25 23:59:00',3,1,0),(88,33,'2010-12-25 00:00:00','2010-12-25 23:59:00',4,1,0),(89,33,'2010-12-25 00:00:00','2010-12-25 23:59:00',5,1,0),(90,33,'2010-12-25 00:00:00','2010-12-25 23:59:00',6,1,0),(91,33,'2010-12-25 00:00:00','2010-12-25 23:59:00',7,1,0),(92,39,'2010-12-25 00:00:00','2010-12-25 23:59:00',1,1,0),(93,39,'2010-12-25 00:00:00','2010-12-25 23:59:00',2,1,0),(94,39,'2010-12-25 00:00:00','2010-12-25 23:59:00',3,1,0),(95,39,'2010-12-25 00:00:00','2010-12-25 23:59:00',4,1,0),(96,39,'2010-12-25 00:00:00','2010-12-25 23:59:00',5,1,0),(97,39,'2010-12-25 00:00:00','2010-12-25 23:59:00',6,1,0),(98,39,'2010-12-25 00:00:00','2010-12-25 23:59:00',7,1,0),(99,37,'2010-12-25 00:00:00','2010-12-25 23:59:00',1,1,0),(100,37,'2010-12-25 00:00:00','2010-12-25 23:59:00',2,1,0),(101,37,'2010-12-25 00:00:00','2010-12-25 23:59:00',3,1,0),(102,37,'2010-12-25 00:00:00','2010-12-25 23:59:00',4,1,0),(103,37,'2010-12-25 00:00:00','2010-12-25 23:59:00',5,1,0),(104,37,'2010-12-25 00:00:00','2010-12-25 23:59:00',6,1,0),(105,37,'2010-12-25 00:00:00','2010-12-25 23:59:00',7,1,0),(106,43,'2010-12-25 00:00:00','2010-12-25 23:59:00',1,1,0),(107,43,'2010-12-25 00:00:00','2010-12-25 23:59:00',2,1,0),(108,43,'2010-12-25 00:00:00','2010-12-25 23:59:00',3,1,0),(109,43,'2010-12-25 00:00:00','2010-12-25 23:59:00',4,1,0),(110,43,'2010-12-25 00:00:00','2010-12-25 23:59:00',5,1,0),(111,43,'2010-12-25 00:00:00','2010-12-25 23:59:00',6,1,0),(112,43,'2010-12-25 00:00:00','2010-12-25 23:59:00',7,1,0),(113,35,'2010-12-25 00:00:00','2010-12-25 23:59:00',1,1,0),(114,35,'2010-12-25 00:00:00','2010-12-25 23:59:00',2,1,0),(115,35,'2010-12-25 00:00:00','2010-12-25 23:59:00',3,1,0),(116,35,'2010-12-25 00:00:00','2010-12-25 23:59:00',4,1,0),(117,35,'2010-12-25 00:00:00','2010-12-25 23:59:00',5,1,0),(118,35,'2010-12-25 00:00:00','2010-12-25 23:59:00',6,1,0),(119,35,'2010-12-25 00:00:00','2010-12-25 23:59:00',7,1,0),(120,41,'2010-12-25 00:00:00','2010-12-25 23:59:00',1,1,0),(121,41,'2010-12-25 00:00:00','2010-12-25 23:59:00',2,1,0),(122,41,'2010-12-25 00:00:00','2010-12-25 23:59:00',3,1,0),(123,41,'2010-12-25 00:00:00','2010-12-25 23:59:00',4,1,0),(124,41,'2010-12-25 00:00:00','2010-12-25 23:59:00',5,1,0),(125,41,'2010-12-25 00:00:00','2010-12-25 23:59:00',6,1,0),(126,41,'2010-12-25 00:00:00','2010-12-25 23:59:00',7,1,0),(127,29,'2010-12-25 00:00:00','2010-12-25 23:59:00',1,1,0),(128,29,'2010-12-25 00:00:00','2010-12-25 23:59:00',2,1,0),(129,29,'2010-12-25 00:00:00','2010-12-25 23:59:00',3,1,0),(130,29,'2010-12-25 00:00:00','2010-12-25 23:59:00',4,1,0),(131,29,'2010-12-25 00:00:00','2010-12-25 23:59:00',5,1,0),(132,29,'2010-12-25 00:00:00','2010-12-25 23:59:00',6,1,0),(133,29,'2010-12-25 00:00:00','2010-12-25 23:59:00',7,1,0),(134,31,'2010-12-25 00:00:00','2010-12-25 23:59:00',1,1,0),(135,31,'2010-12-25 00:00:00','2010-12-25 23:59:00',2,1,0),(136,31,'2010-12-25 00:00:00','2010-12-25 23:59:00',3,1,0),(137,31,'2010-12-25 00:00:00','2010-12-25 23:59:00',4,1,0),(138,31,'2010-12-25 00:00:00','2010-12-25 23:59:00',5,1,0),(139,31,'2010-12-25 00:00:00','2010-12-25 23:59:00',6,1,0),(140,31,'2010-12-25 00:00:00','2010-12-25 23:59:00',7,1,0),(141,36,'2010-12-25 00:00:00','2010-12-25 23:59:00',1,1,0),(142,36,'2010-12-25 00:00:00','2010-12-25 23:59:00',2,1,0),(143,36,'2010-12-25 00:00:00','2010-12-25 23:59:00',3,1,0),(144,36,'2010-12-25 00:00:00','2010-12-25 23:59:00',4,1,0),(145,36,'2010-12-25 00:00:00','2010-12-25 23:59:00',5,1,0),(146,36,'2010-12-25 00:00:00','2010-12-25 23:59:00',6,1,0),(147,36,'2010-12-25 00:00:00','2010-12-25 23:59:00',7,1,0);
/*!40000 ALTER TABLE `resource_schedule` ENABLE KEYS */;
UNLOCK TABLES;
commit;

--
-- Dumping data for table `resource_sublocation`
--

LOCK TABLES `resource_sublocation` WRITE;
/*!40000 ALTER TABLE `resource_sublocation` DISABLE KEYS */;
set autocommit=0;
INSERT INTO `resource_sublocation` (`id`, `sublocation`, `resource`, `active`) VALUES (1,1,1,1),(2,3,3,1),(3,1,5,1),(4,3,7,1),(5,2,9,1),(6,4,11,1),(7,2,13,1),(8,4,15,1),(9,2,17,1),(10,1,19,1),(11,1,21,1),(12,3,23,1),(13,1,25,1),(14,3,27,1),(15,1,29,1),(16,3,31,1),(17,1,33,1),(18,1,35,1),(19,2,37,1),(20,3,39,1),(21,3,41,1),(22,4,43,1),(23,3,45,1),(24,2,36,1);
/*!40000 ALTER TABLE `resource_sublocation` ENABLE KEYS */;
UNLOCK TABLES;
commit;

--
-- Dumping data for table `resource_type`
--

LOCK TABLES `resource_type` WRITE;
/*!40000 ALTER TABLE `resource_type` DISABLE KEYS */;
set autocommit=0;
INSERT INTO `resource_type` (`id`, `name`) VALUES (1,'Nursing'),(2,'Nutrition'),(3,'Room'),(4,'Lab'),(5,'Other');
/*!40000 ALTER TABLE `resource_type` ENABLE KEYS */;
UNLOCK TABLES;
commit;

--
-- Dumping data for table `study`
--

LOCK TABLES `study` WRITE;
/*!40000 ALTER TABLE `study` DISABLE KEYS */;
set autocommit=0;
INSERT INTO `study` (`id`, `catalyst_id`, `crc_category`, `spid`, `protocol_number`, `expected_end_date`, `expected_start_date`, `industry_initiated`, `institution`, `irb`, `irb_approval_date`, `irb_expiration`, `irb_institution`, `irb_renewal_date`, `local_id`, `short_title`, `name`, `study_status`, `total_inpatient_visits`, `total_outpatient_visits`, `total_subjects`, `pediatric`, `principal_investigator`, `responsible_physician`, `responsible_physician2`, `primary_scheduling_contact`, `secondary_scheduling_contact`, `protocol_nutritionist`, `protocol_nurse`, `associate_nurse`, `scheduler3`, `protocol_nurse_string`, `protocol_nutritionist_string`, `crc_funded`, `associate_protocol_nutritionist`, `study_abstract`, `clinical_trial`, `new_drug`, `device_exemption`, `status_change`) VALUES (1,'TA001','A',NULL,NULL,'2017-02-26','2002-02-27',0,5,'2001TA001','2005-02-20 10:00:00','2020-02-20 10:00:00',26,'2018-02-20 10:00:00','TA-001','','Test Study 001',2,11,11,5,'Adult',416,NULL,NULL,416,NULL,412,411,NULL,NULL,NULL,NULL,0,NULL,'auto generated study via the rest calls during deployment','nct','ind','ide','2019-12-15 12:19:06'),(2,'TA002','B',NULL,NULL,'2017-03-30','2003-03-31',0,5,'2002TA002','2006-03-24 10:00:00','2020-03-23 10:00:00',26,'2018-03-24 10:00:00','TA-002','','Test Study 002',2,12,12,6,'Pediatric',417,NULL,NULL,417,NULL,NULL,411,NULL,NULL,NULL,'N/A',0,NULL,'auto generated study via the rest calls during deployment','nct','ind','ide','2019-12-15 12:11:51'),(3,'TB003','C',NULL,NULL,'2017-04-29','2004-04-28',0,5,'2003TB003','2007-04-22 10:00:00','2020-04-22 10:00:00',26,'2018-04-22 10:00:00','TB-003','','Test Study 003',2,13,13,7,'Adult/Pediatric',411,NULL,NULL,416,417,412,NULL,NULL,NULL,'N/A',NULL,0,NULL,'auto generated study via the rest calls during deployment','nct','ind','ide','2019-12-15 12:11:54'),(4,'TC004','D',NULL,NULL,'2017-05-31','2005-05-31',1,5,'2004TC004','2008-05-24 10:00:00','2020-05-24 10:00:00',26,'2018-05-24 10:00:00','TC-004','','Test Study 004',2,14,14,5,'Adult',418,NULL,NULL,417,416,NULL,NULL,NULL,NULL,'N/A','N/A',1,NULL,'auto generated study via the rest calls during deployment','nct','ind','ide','2019-12-15 12:11:57'),(5,'TD005','C',NULL,NULL,'2017-07-01','2004-06-30',0,5,'2005TB005','2009-06-24 10:00:00','2020-06-24 10:00:00',26,'2019-06-24 10:00:00','TD-005','','Test Study 005',1,13,13,7,'Adult/Pediatric',NULL,NULL,NULL,NULL,NULL,NULL,NULL,NULL,NULL,NULL,NULL,0,NULL,'auto generated study via the rest calls during deployment','nct','ind','ide','2019-12-15 12:11:28'),(6,'TC006','D',NULL,NULL,'2017-08-02','2005-08-02',1,5,'2006TC006','2010-07-26 10:00:00','2020-07-26 10:00:00',26,'2020-07-26 10:00:00','TC-006','','Test Study 006',3,14,14,5,'Adult',418,NULL,NULL,417,416,NULL,NULL,NULL,NULL,'N/A','N/A',1,NULL,'auto generated study via the rest calls during deployment','nct','ind','ide','2019-12-15 12:11:30'),(7,'AS001','A',NULL,NULL,'2017-04-29','2004-04-28',0,5,'2003AS001','2007-04-22 10:00:00','2020-04-22 10:00:00',26,'2018-04-22 10:00:00','AS001','','Auto Study 001',2,13,13,7,'Adult/Pediatric',419,NULL,NULL,413,420,NULL,411,NULL,NULL,NULL,'N/A',0,NULL,'auto generated study via the rest calls during deployment','nct','ind','ide','2019-12-16 09:56:41'),(8,'AS002','B',NULL,NULL,'2017-05-31','2005-05-31',1,5,'2003AS002','2008-05-24 10:00:00','2020-05-24 10:00:00',26,'2018-05-24 10:00:00','AS002','','Auto Study 002',2,14,14,5,'Adult',420,NULL,NULL,420,421,NULL,NULL,NULL,NULL,'N/A','N/A',1,NULL,'auto generated study via the rest calls during deployment','nct','ind','ide','2019-12-15 12:12:03'),(9,'AS003','C',NULL,NULL,'2017-07-01','2004-06-30',0,5,'2003AS003','2009-06-24 10:00:00','2020-06-24 10:00:00',26,'2019-06-24 10:00:00','AS003','','Auto Study 003',2,13,13,7,'Adult/Pediatric',419,NULL,NULL,413,421,NULL,NULL,NULL,NULL,'N/A','N/A',0,NULL,'auto generated study via the rest calls during deployment','nct','ind','ide','2019-12-15 12:12:05'),(10,'AS004','D',NULL,NULL,'2017-08-02','2005-08-02',1,5,'2003AS004','2010-07-26 10:00:00','2020-07-26 10:00:00',26,'2020-07-26 10:00:00','AS004','','Auto Study 004',1,14,14,5,'Adult',NULL,NULL,NULL,NULL,NULL,NULL,NULL,NULL,NULL,NULL,NULL,1,NULL,'auto generated study via the rest calls during deployment','nct','ind','ide','2019-12-15 12:12:07'),(11,'OUT001','D',NULL,NULL,'2017-08-02','2005-08-02',1,5,'2001OUT001','2010-07-26 10:00:00','2020-07-26 10:00:00',26,'2020-07-26 10:00:00','OUT-001','','Scheduling Outpatient',2,14,14,5,'Adult',416,NULL,NULL,416,417,412,411,NULL,NULL,NULL,NULL,1,NULL,'auto generated study via the rest calls during deployment','nct','ind','ide','2019-12-15 12:11:36'),(12,'ICT001','D',NULL,NULL,'2017-08-02','2005-08-02',1,5,'2001ICT001','2010-07-26 10:00:00','2020-07-26 10:00:00',26,'2020-07-26 10:00:00','ICT-001','','Scheduling Inpatient CT',2,14,14,5,'Adult',416,NULL,NULL,416,417,412,411,NULL,NULL,NULL,NULL,1,NULL,'auto generated study via the rest calls during deployment','nct','ind','ide','2019-12-15 12:11:38'),(13,'IRT001','D',NULL,NULL,'2017-08-02','2005-08-02',1,5,'2001IRT001','2010-07-26 10:00:00','2020-07-26 10:00:00',26,'2020-07-26 10:00:00','IRT-001','','Scheduling Inpatient RT',2,14,14,5,'Adult',416,NULL,NULL,416,417,412,411,NULL,NULL,NULL,NULL,1,NULL,'auto generated study via the rest calls during deployment','nct','ind','ide','2019-12-15 12:11:40'),(14,'SCB001','D',NULL,NULL,'2017-08-02','2005-08-02',1,5,'2001SCB001','2010-07-26 10:00:00','2020-07-26 10:00:00',26,'2020-07-26 10:00:00','SCB-001','','Scheduling Special Cases',2,14,14,5,'Adult',416,NULL,NULL,416,417,412,411,NULL,NULL,NULL,NULL,1,NULL,'auto generated study via the rest calls during deployment','nct','ind','ide','2019-12-15 12:11:41'),(15,'AS005','A',NULL,NULL,'2017-04-29','2004-04-28',0,5,'2003AS005','2007-04-22 10:00:00','2020-04-22 10:00:00',26,'2018-04-22 10:00:00','AS005','','Auto Study 005',2,13,13,7,'Adult/Pediatric',421,NULL,NULL,421,NULL,NULL,411,NULL,NULL,NULL,'N/A',0,NULL,'auto generated study via the rest calls during deployment','nct','ind','ide','2019-12-15 12:12:02');
/*!40000 ALTER TABLE `study` ENABLE KEYS */;
UNLOCK TABLES;
commit;

--
-- Dumping data for table `study_funding_source_cai`
--

LOCK TABLES `study_funding_source_cai` WRITE;
/*!40000 ALTER TABLE `study_funding_source_cai` DISABLE KEYS */;
set autocommit=0;
INSERT INTO `study_funding_source_cai` (`id`, `study`, `funding_source`, `centers_and_institutions`, `comment`, `one_to_four`, `grant_id`, `site_cost_center`, `total_direct_award`, `total_indirect_award`, `project_start_date`, `project_end_date`) VALUES (2,1,2,2,'comment 1',1,'','',NULL,NULL,NULL,NULL),(4,2,1,NULL,'comment 2',1,'','',NULL,NULL,NULL,NULL),(6,3,3,NULL,'comment 3',1,'','',NULL,NULL,NULL,NULL),(8,4,4,NULL,'comment 4',1,'','',NULL,NULL,NULL,NULL),(9,5,3,NULL,'comment 5',1,'','',NULL,NULL,NULL,NULL),(11,6,4,NULL,'comment 6',1,'','',NULL,NULL,NULL,NULL),(13,7,3,NULL,'comment 3',1,'','',NULL,NULL,NULL,NULL),(15,8,4,NULL,'comment 4',1,'','',NULL,NULL,NULL,NULL),(17,9,3,NULL,'comment 5',1,'','',NULL,NULL,NULL,NULL),(18,10,4,NULL,'comment 6',1,'','',NULL,NULL,NULL,NULL),(20,11,5,NULL,'comment 1',1,'','',NULL,NULL,NULL,NULL),(22,12,5,NULL,'comment 1',1,'','',NULL,NULL,NULL,NULL),(24,13,5,NULL,'comment 1',1,'','',NULL,NULL,NULL,NULL),(26,14,5,NULL,'comment 1',1,'','',NULL,NULL,NULL,NULL),(28,15,3,NULL,'comment 3',1,'','',NULL,NULL,NULL,NULL);
/*!40000 ALTER TABLE `study_funding_source_cai` ENABLE KEYS */;
UNLOCK TABLES;
commit;

--
-- Dumping data for table `study_subject`
--

LOCK TABLES `study_subject` WRITE;
/*!40000 ALTER TABLE `study_subject` DISABLE KEYS */;
set autocommit=0;
INSERT INTO `study_subject` (`id`, `active`, `study`, `subject_mrn`) VALUES (1,1,1,1),(2,1,2,1),(3,1,3,1),(4,1,4,1),(5,1,1,2),(6,1,1,3),(7,1,1,4),(8,1,1,5),(9,1,1,6),(10,1,2,7),(11,1,2,8),(12,1,2,9),(13,1,2,10),(14,1,2,11),(15,1,2,12),(16,1,3,13),(17,1,3,14),(18,1,3,15),(19,1,3,16),(20,1,3,17),(21,1,3,18),(22,1,4,19),(23,1,4,20),(24,1,4,21),(25,1,4,22),(26,1,4,23),(27,1,4,24),(28,1,4,25),(29,1,1,31),(30,1,7,31),(31,1,8,31),(32,1,15,31),(33,1,7,32),(34,1,15,32),(35,1,7,33),(36,1,15,33),(37,1,7,34),(38,1,15,34),(39,1,8,35),(40,1,8,36),(41,1,8,37),(42,1,8,38),(43,1,9,39),(44,1,9,40),(45,1,9,41),(46,1,9,42),(47,1,10,43),(48,1,10,44),(49,1,10,45),(50,1,10,46);
/*!40000 ALTER TABLE `study_subject` ENABLE KEYS */;
UNLOCK TABLES;
commit;

--
-- Dumping data for table `study_user`
--

LOCK TABLES `study_user` WRITE;
/*!40000 ALTER TABLE `study_user` DISABLE KEYS */;
set autocommit=0;
INSERT INTO `study_user` (`id`, `user`, `study`, `active`) VALUES (1,419,1,0),(2,416,1,1),(3,411,1,1),(4,412,1,1),(5,417,2,1),(6,411,2,1),(7,418,3,0),(8,417,3,1),(9,416,3,1),(10,411,3,1),(11,412,3,1),(12,418,4,1),(13,417,4,0),(14,416,4,0),(15,418,6,1),(16,417,6,1),(17,416,6,1),(18,419,7,1),(19,420,7,1),(20,411,7,1),(21,413,7,1),(22,420,8,1),(23,421,8,1),(24,419,9,1),(25,421,9,1),(26,413,9,1),(27,417,11,1),(28,416,11,1),(29,411,11,1),(30,412,11,1),(31,417,12,1),(32,416,12,1),(33,411,12,1),(34,412,12,1),(35,417,13,1),(36,416,13,1),(37,411,13,1),(38,412,13,1),(39,417,14,1),(40,416,14,1),(41,411,14,1),(42,412,14,1),(43,421,15,1),(44,411,15,1);
/*!40000 ALTER TABLE `study_user` ENABLE KEYS */;
UNLOCK TABLES;
commit;

--
-- Dumping data for table `sublocation_closure_interval`
--

LOCK TABLES `sublocation_closure_interval` WRITE;
/*!40000 ALTER TABLE `sublocation_closure_interval` DISABLE KEYS */;
set autocommit=0;
/*!40000 ALTER TABLE `sublocation_closure_interval` ENABLE KEYS */;
UNLOCK TABLES;
commit;

--
-- Dumping data for table `template_approval_history`
--

LOCK TABLES `template_approval_history` WRITE;
/*!40000 ALTER TABLE `template_approval_history` DISABLE KEYS */;
set autocommit=0;
INSERT INTO `template_approval_history` (`id`, `visit_template`, `user`, `approved`, `comment`, `status_change_time`) VALUES (1,1,410,1,'','2019-12-15 12:13:58'),(2,2,410,1,'','2019-12-15 12:13:58'),(3,3,410,1,'','2019-12-15 12:13:58'),(4,5,410,1,'','2019-12-15 12:13:59'),(5,6,410,1,'','2019-12-15 12:13:59'),(6,7,410,1,'','2019-12-15 12:13:59'),(7,8,410,1,'','2019-12-15 12:14:00'),(8,9,410,1,'','2019-12-15 12:14:00'),(9,10,410,1,'','2019-12-15 12:14:00'),(10,11,410,1,'','2019-12-15 12:14:01'),(11,12,410,1,'','2019-12-15 12:14:01'),(12,13,410,1,'','2019-12-15 12:14:01'),(13,15,410,1,'','2019-12-15 12:14:02'),(14,16,410,1,'','2019-12-15 12:14:02'),(15,17,410,1,'','2019-12-15 12:14:02'),(16,18,410,1,'','2019-12-15 12:14:03'),(17,19,410,1,'','2019-12-15 12:14:03'),(18,21,410,1,'','2019-12-15 12:14:04'),(19,22,410,1,'','2019-12-15 12:14:04'),(20,23,410,1,'','2019-12-15 12:14:04'),(21,24,410,1,'','2019-12-15 12:14:04'),(22,25,410,1,'','2019-12-15 12:14:05'),(23,26,410,1,'','2019-12-15 12:14:05'),(24,27,410,1,'','2019-12-15 12:14:05'),(25,28,410,1,'','2019-12-15 12:14:05'),(26,29,410,1,'','2019-12-15 12:14:06'),(27,31,410,1,'','2019-12-15 12:14:06'),(28,32,410,1,'','2019-12-15 12:14:06'),(29,33,410,1,'','2019-12-15 12:14:07'),(30,34,410,1,'','2019-12-15 12:14:07'),(31,35,410,1,'','2019-12-15 12:14:07'),(32,36,410,1,'','2019-12-15 12:14:07'),(33,37,410,1,'','2019-12-15 12:14:08'),(34,38,410,1,'','2019-12-15 12:14:08'),(35,39,410,1,'','2019-12-15 12:14:08'),(36,40,410,1,'','2019-12-15 12:14:08'),(37,41,410,1,'','2019-12-15 12:14:09'),(38,42,410,1,'','2019-12-15 12:14:09'),(39,44,410,1,'','2019-12-15 12:14:09'),(40,45,410,1,'','2019-12-15 12:14:09'),(41,46,410,1,'','2019-12-15 12:14:10'),(42,47,410,1,'','2019-12-15 12:14:10'),(43,48,410,1,'','2019-12-15 12:14:10'),(44,49,410,1,'','2019-12-15 12:14:10'),(45,50,410,1,'','2019-12-15 12:14:11'),(46,51,410,1,'','2019-12-15 12:14:11'),(47,52,410,1,'','2019-12-15 12:14:11'),(48,53,410,1,'','2019-12-15 12:14:11'),(49,54,410,1,'','2019-12-15 12:14:12'),(50,55,410,1,'','2019-12-15 12:14:12'),(51,56,410,1,'','2019-12-15 12:14:13'),(52,57,410,1,'','2019-12-15 12:14:13'),(53,58,410,1,'','2019-12-15 12:14:13'),(54,59,410,1,'','2019-12-15 12:14:13'),(55,60,410,1,'','2019-12-15 12:14:14'),(56,61,410,1,'','2019-12-15 12:14:14'),(57,62,410,1,'','2019-12-15 12:14:14'),(58,63,410,1,'','2019-12-15 12:14:15'),(59,64,410,1,'','2019-12-15 12:14:15'),(60,65,410,1,'','2019-12-15 12:14:15'),(61,66,410,1,'','2019-12-15 12:14:16'),(62,67,410,1,'','2019-12-15 12:14:16'),(63,68,410,1,'','2019-12-15 12:14:16'),(64,69,410,1,'','2019-12-15 12:14:17'),(65,70,410,1,'','2019-12-15 12:14:17'),(66,71,410,1,'','2019-12-15 12:14:17'),(67,72,410,1,'','2019-12-15 12:14:18'),(68,73,410,1,'','2019-12-15 12:14:18'),(69,74,410,1,'','2019-12-15 12:14:18'),(70,75,410,1,'','2019-12-15 12:14:19'),(71,76,410,1,'','2019-12-15 12:14:19'),(72,77,410,1,'','2019-12-15 12:14:19'),(73,78,410,1,'','2019-12-15 12:14:20'),(74,79,410,1,'','2019-12-15 12:14:20'),(75,80,410,1,'','2019-12-15 12:14:20'),(76,81,410,1,'','2019-12-15 12:14:21'),(77,82,410,1,'','2019-12-15 12:14:21'),(78,83,410,1,'','2019-12-15 12:14:21'),(79,84,410,1,'','2019-12-15 12:14:22'),(80,85,410,1,'','2019-12-15 12:14:22'),(81,86,410,1,'','2019-12-15 12:14:22'),(82,87,410,1,'','2019-12-15 12:14:23'),(83,88,410,1,'','2019-12-15 12:14:23'),(84,89,410,1,'','2019-12-15 12:14:23'),(85,90,410,1,'','2019-12-15 12:14:24'),(86,91,410,1,'','2019-12-15 12:14:24'),(87,92,410,1,'','2019-12-15 12:14:24'),(88,93,410,1,'','2019-12-15 12:14:25'),(89,94,410,1,'','2019-12-15 12:14:25'),(90,95,410,1,'','2019-12-15 12:14:25'),(91,96,410,1,'','2019-12-15 12:14:25'),(92,97,410,1,'','2019-12-15 12:14:26'),(93,98,410,1,'','2019-12-15 12:14:26'),(94,99,410,1,'','2019-12-15 12:14:26'),(95,100,410,1,'','2019-12-15 12:14:27'),(96,101,410,1,'','2019-12-15 12:14:27'),(97,102,410,1,'','2019-12-15 12:14:27'),(98,103,410,1,'','2019-12-15 12:14:28'),(99,104,410,1,'','2019-12-15 12:14:28'),(100,105,410,1,'','2019-12-15 12:14:28'),(101,106,410,1,'','2019-12-15 12:14:29'),(102,107,410,1,'','2019-12-15 12:14:29'),(103,108,410,1,'','2019-12-15 12:14:29'),(104,109,410,1,'','2019-12-15 12:14:29'),(105,110,410,1,'','2019-12-15 12:14:30'),(106,111,410,1,'','2019-12-15 12:14:30'),(107,112,410,1,'','2019-12-15 12:14:30'),(108,113,410,1,'','2019-12-15 12:14:31'),(109,114,410,1,'','2019-12-15 12:14:31'),(110,115,410,1,'','2019-12-15 12:14:31'),(111,116,410,1,'','2019-12-15 12:14:32'),(112,117,410,1,'','2019-12-15 12:14:32'),(113,118,410,1,'','2019-12-15 12:14:32'),(114,119,410,1,'','2019-12-15 12:14:32'),(115,120,410,1,'','2019-12-15 12:14:33'),(116,121,410,1,'','2019-12-15 12:14:33'),(117,122,410,1,'','2019-12-15 12:14:33'),(118,123,410,1,'','2019-12-15 12:14:34'),(119,124,410,1,'','2019-12-15 12:14:34'),(120,125,410,1,'','2019-12-15 12:14:34'),(121,126,410,1,'','2019-12-15 12:14:35'),(122,127,410,1,'','2019-12-15 12:14:35'),(123,128,410,1,'','2019-12-15 12:14:35'),(124,129,410,1,'','2019-12-15 12:14:36'),(125,130,410,1,'','2019-12-15 12:14:36'),(126,131,410,1,'','2019-12-15 12:14:36'),(127,132,410,1,'','2019-12-15 12:14:36'),(128,133,410,1,'','2019-12-15 12:14:37'),(129,134,410,1,'','2019-12-15 12:14:37'),(130,135,410,1,'','2019-12-15 12:14:37'),(131,136,410,1,'','2019-12-15 12:14:38'),(132,137,410,1,'','2019-12-15 12:14:38'),(133,138,410,1,'','2019-12-15 12:14:38'),(134,6,409,1,'','2019-12-15 12:24:05'),(135,2,409,1,'','2019-12-15 12:24:59');
/*!40000 ALTER TABLE `template_approval_history` ENABLE KEYS */;
UNLOCK TABLES;
commit;

--
-- Dumping data for table `template_resource`
--

LOCK TABLES `template_resource` WRITE;
/*!40000 ALTER TABLE `template_resource` DISABLE KEYS */;
set autocommit=0;
INSERT INTO `template_resource` (`id`, `visit_template`, `resource`, `alternate`, `duration`, `float_start`, `float_end`, `created_date`, `floatable`, `flexible`, `billable`, `group_id`, `last_update_time`, `start_minutes`, `end_minutes`) VALUES (1,1,1,1,15,NULL,NULL,'2017-07-22 19:03:06',0,0,0,NULL,'2017-07-22 19:03:06',0,15),(2,2,29,1,30,NULL,NULL,'2017-07-22 19:03:06',0,0,0,NULL,'2017-07-22 19:03:06',0,30),(3,3,29,0,60,NULL,NULL,'2017-07-22 19:03:06',0,0,0,NULL,'2017-07-22 19:03:06',0,60),(4,4,29,1,60,NULL,NULL,'2017-07-22 19:03:06',0,0,0,NULL,'2017-07-22 19:03:06',0,60),(5,5,29,1,1410,NULL,NULL,'2017-07-22 19:03:06',0,0,0,NULL,'2017-07-22 19:03:06',720,2130),(6,6,36,1,43380,NULL,NULL,'2017-07-22 19:03:06',0,0,1,NULL,'2017-07-22 19:03:06',1320,44700),(7,7,29,0,1380,NULL,NULL,'2017-07-22 19:03:06',0,0,0,NULL,'2017-07-22 19:03:06',420,1800),(8,8,29,1,180,NULL,NULL,'2017-07-22 19:03:06',0,0,0,NULL,'2017-07-22 19:03:06',1320,1500),(9,9,29,1,15,NULL,NULL,'2017-07-22 19:03:06',0,0,0,NULL,'2017-07-22 19:03:06',0,15),(10,10,29,1,30,NULL,NULL,'2017-07-22 19:03:06',0,0,0,NULL,'2017-07-22 19:03:06',0,30),(11,11,29,0,60,NULL,NULL,'2017-07-22 19:03:06',0,0,0,NULL,'2017-07-22 19:03:06',0,60),(12,12,29,1,60,NULL,NULL,'2017-07-22 19:03:06',0,0,0,NULL,'2017-07-22 19:03:06',0,60),(13,13,29,1,1410,NULL,NULL,'2017-07-22 19:03:06',0,0,0,NULL,'2017-07-22 19:03:06',720,2130),(14,14,29,1,180,NULL,NULL,'2017-07-22 19:03:06',0,0,1,NULL,'2017-07-22 19:03:06',1320,1500),(15,15,29,0,1380,NULL,NULL,'2017-07-22 19:03:06',0,0,0,NULL,'2017-07-22 19:03:06',420,1800),(16,16,29,1,180,NULL,NULL,'2017-07-22 19:03:06',0,0,0,NULL,'2017-07-22 19:03:06',1320,1500),(17,17,1,1,15,NULL,NULL,'2017-07-22 19:03:06',0,0,0,NULL,'2017-07-22 19:03:06',0,15),(18,18,29,1,30,NULL,NULL,'2017-07-22 19:03:06',0,0,0,NULL,'2017-07-22 19:03:06',0,30),(19,19,1,0,60,NULL,NULL,'2017-07-22 19:03:06',0,0,0,NULL,'2017-07-22 19:03:06',0,60),(20,20,29,1,60,NULL,NULL,'2017-07-22 19:03:06',0,0,0,NULL,'2017-07-22 19:03:06',0,60),(21,21,29,1,1410,NULL,NULL,'2017-07-22 19:03:06',0,0,0,NULL,'2017-07-22 19:03:06',720,2130),(22,22,36,1,43380,NULL,NULL,'2017-07-22 19:03:06',0,0,1,NULL,'2017-07-22 19:03:06',1320,44700),(23,23,29,0,1380,NULL,NULL,'2017-07-22 19:03:06',0,0,0,NULL,'2017-07-22 19:03:06',420,1800),(24,24,1,1,180,NULL,NULL,'2017-07-22 19:03:06',0,0,0,NULL,'2017-07-22 19:03:06',1320,1500),(25,25,29,1,15,NULL,NULL,'2017-07-22 19:03:06',0,0,0,NULL,'2017-07-22 19:03:06',0,15),(26,26,29,1,30,NULL,NULL,'2017-07-22 19:03:06',0,0,0,NULL,'2017-07-22 19:03:06',0,30),(27,27,29,0,60,NULL,NULL,'2017-07-22 19:03:06',0,0,0,NULL,'2017-07-22 19:03:06',0,60),(28,28,29,1,60,NULL,NULL,'2017-07-22 19:03:06',0,0,0,NULL,'2017-07-22 19:03:06',0,60),(29,29,29,1,1410,NULL,NULL,'2017-07-22 19:03:06',0,0,0,NULL,'2017-07-22 19:03:06',720,2130),(30,30,29,1,180,NULL,NULL,'2017-07-22 19:03:06',0,0,1,NULL,'2017-07-22 19:03:06',1320,1500),(31,31,29,0,1380,NULL,NULL,'2017-07-22 19:03:06',0,0,0,NULL,'2017-07-22 19:03:06',420,1800),(32,32,29,1,180,NULL,NULL,'2017-07-22 19:03:06',0,0,0,NULL,'2017-07-22 19:03:06',1320,1500),(33,33,29,1,60,NULL,NULL,'2017-07-22 19:03:06',0,0,0,NULL,'2017-07-22 19:03:06',0,60),(34,34,1,0,1800,NULL,NULL,'2017-07-22 19:03:06',0,0,0,NULL,'2017-07-22 19:03:06',0,1800),(35,35,29,1,180,NULL,NULL,'2017-07-22 19:03:06',0,0,0,NULL,'2017-07-22 19:03:06',1320,1500),(36,36,29,1,60,NULL,NULL,'2017-07-22 19:03:06',0,0,0,NULL,'2017-07-22 19:03:06',0,60),(37,37,29,0,1800,NULL,NULL,'2017-07-22 19:03:06',0,0,0,NULL,'2017-07-22 19:03:06',0,1800),(38,38,29,1,180,NULL,NULL,'2017-07-22 19:03:06',0,0,0,NULL,'2017-07-22 19:03:06',1320,1500),(39,39,29,1,60,NULL,NULL,'2017-07-22 19:03:06',0,0,0,NULL,'2017-07-22 19:03:06',0,60),(40,40,1,0,1800,NULL,NULL,'2017-07-22 19:03:06',0,0,0,NULL,'2017-07-22 19:03:06',0,1800),(41,41,1,1,180,NULL,NULL,'2017-07-22 19:03:06',0,0,0,NULL,'2017-07-22 19:03:06',1320,1500),(42,42,29,1,60,NULL,NULL,'2017-07-22 19:03:06',0,0,0,NULL,'2017-07-22 19:03:06',0,60),(43,43,29,0,1800,NULL,NULL,'2017-07-22 19:03:06',0,0,0,NULL,'2017-07-22 19:03:06',0,1800),(44,44,29,1,180,NULL,NULL,'2017-07-22 19:03:06',0,0,0,NULL,'2017-07-22 19:03:06',1320,1500),(45,45,29,1,60,NULL,NULL,'2017-07-22 19:03:06',0,0,0,NULL,'2017-07-22 19:03:06',0,60),(46,46,1,0,1800,NULL,NULL,'2017-07-22 19:03:06',0,0,0,NULL,'2017-07-22 19:03:06',0,1800),(47,47,29,1,180,NULL,NULL,'2017-07-22 19:03:06',0,0,0,NULL,'2017-07-22 19:03:06',1320,1500),(48,48,29,1,60,NULL,NULL,'2017-07-22 19:03:06',0,0,0,NULL,'2017-07-22 19:03:06',0,60),(49,49,29,0,1800,NULL,NULL,'2017-07-22 19:03:06',0,0,0,NULL,'2017-07-22 19:03:06',0,1800),(50,50,29,1,180,NULL,NULL,'2017-07-22 19:03:06',0,0,0,NULL,'2017-07-22 19:03:06',1320,1500),(51,51,1,1,60,NULL,NULL,'2017-07-22 19:03:06',0,0,1,NULL,'2017-07-22 19:03:06',0,60),(52,51,33,1,60,NULL,NULL,'2017-07-22 19:03:06',0,0,1,NULL,'2017-07-22 19:03:06',0,60),(53,52,1,1,840,NULL,NULL,'2017-07-22 19:03:06',0,0,1,NULL,'2017-07-22 19:03:06',0,840),(54,52,33,1,840,NULL,NULL,'2017-07-22 19:03:06',0,0,1,NULL,'2017-07-22 19:03:06',0,840),(55,53,1,1,15,0,60,'2017-07-22 19:03:06',1,0,1,NULL,'2017-07-22 19:03:06',0,15),(56,53,33,1,60,NULL,NULL,'2017-07-22 19:03:06',0,0,1,NULL,'2017-07-22 19:03:06',0,60),(57,54,1,1,360,0,720,'2017-07-22 19:03:06',1,0,1,NULL,'2017-07-22 19:03:06',0,360),(58,54,33,1,840,NULL,NULL,'2017-07-22 19:03:06',0,0,1,NULL,'2017-07-22 19:03:06',0,840),(59,55,1,1,30,0,120,'2017-07-22 19:03:06',1,0,1,'6c1e88cd-7d7a-4125-aec5-2496fee5a71a','2017-07-22 19:03:06',0,30),(60,55,33,1,120,NULL,NULL,'2017-07-22 19:03:06',0,0,1,NULL,'2017-07-22 19:03:06',0,120),(61,55,19,1,30,0,120,'2017-07-22 19:03:06',1,0,1,'6c1e88cd-7d7a-4125-aec5-2496fee5a71a','2017-07-22 19:03:06',0,30),(62,56,1,1,360,0,720,'2017-07-22 19:03:06',1,0,1,'3e72d53e-64a4-4a2e-9e21-8a93276f74df','2017-07-22 19:03:06',0,360),(63,56,33,1,840,NULL,NULL,'2017-07-22 19:03:06',0,0,1,NULL,'2017-07-22 19:03:06',0,840),(64,56,19,1,360,0,720,'2017-07-22 19:03:06',1,0,1,'3e72d53e-64a4-4a2e-9e21-8a93276f74df','2017-07-22 19:03:06',0,360),(65,57,1,1,30,NULL,NULL,'2017-07-22 19:03:06',0,1,1,'c800402f-2738-44a5-ad76-025173836c35','2017-07-22 19:03:06',0,30),(66,57,33,1,60,NULL,NULL,'2017-07-22 19:03:06',0,0,1,NULL,'2017-07-22 19:03:06',0,60),(67,57,22,1,30,NULL,NULL,'2017-07-22 19:03:06',0,1,1,'c800402f-2738-44a5-ad76-025173836c35','2017-07-22 19:03:06',30,60),(68,58,1,1,30,NULL,NULL,'2017-07-22 19:03:06',0,1,1,'b2a43be8-ad2e-491a-82bd-c7c915e41e50','2017-07-22 19:03:06',0,30),(69,58,33,1,90,NULL,NULL,'2017-07-22 19:03:06',0,0,1,NULL,'2017-07-22 19:03:06',0,90),(70,58,22,1,30,NULL,NULL,'2017-07-22 19:03:06',0,1,1,'b2a43be8-ad2e-491a-82bd-c7c915e41e50','2017-07-22 19:03:06',30,60),(71,58,27,1,30,NULL,NULL,'2017-07-22 19:03:06',0,1,1,'b2a43be8-ad2e-491a-82bd-c7c915e41e50','2017-07-22 19:03:06',60,90),(72,59,1,1,30,NULL,NULL,'2017-07-22 19:03:06',0,1,1,'b8ecfb57-dba2-4d0b-93ae-b6b2b2ac578b','2017-07-22 19:03:06',0,30),(73,59,33,1,60,NULL,NULL,'2017-07-22 19:03:06',0,0,1,NULL,'2017-07-22 19:03:06',0,60),(74,59,22,1,30,NULL,NULL,'2017-07-22 19:03:06',0,1,1,'b8ecfb57-dba2-4d0b-93ae-b6b2b2ac578b','2017-07-22 19:03:06',0,30),(75,59,27,1,30,NULL,NULL,'2017-07-22 19:03:06',0,1,1,'b8ecfb57-dba2-4d0b-93ae-b6b2b2ac578b','2017-07-22 19:03:06',30,60),(76,60,1,1,30,NULL,NULL,'2017-07-22 19:03:06',0,1,1,'e30bf5c6-b84c-49c5-a92f-7ec6f19be914','2017-07-22 19:03:06',60,90),(77,60,33,1,120,NULL,NULL,'2017-07-22 19:03:06',0,0,1,NULL,'2017-07-22 19:03:06',0,120),(78,60,22,1,30,NULL,NULL,'2017-07-22 19:03:06',0,1,1,'e30bf5c6-b84c-49c5-a92f-7ec6f19be914','2017-07-22 19:03:06',30,60),(79,60,27,1,30,NULL,NULL,'2017-07-22 19:03:06',0,1,1,'e30bf5c6-b84c-49c5-a92f-7ec6f19be914','2017-07-22 19:03:06',30,60),(80,61,1,1,60,NULL,NULL,'2017-07-22 19:03:06',0,0,1,NULL,'2017-07-22 19:03:06',0,60),(81,62,1,1,60,NULL,NULL,'2017-07-22 19:03:06',0,0,1,NULL,'2017-07-22 19:03:06',0,60),(82,62,1,1,60,NULL,NULL,'2017-07-22 19:03:06',0,0,1,NULL,'2017-07-22 19:03:06',420,480),(83,62,1,1,60,NULL,NULL,'2017-07-22 19:03:06',0,0,1,NULL,'2017-07-22 19:03:06',840,900),(84,63,33,1,360,NULL,NULL,'2017-07-22 19:03:06',0,0,1,NULL,'2017-07-22 19:03:06',0,360),(85,64,33,1,60,NULL,NULL,'2017-07-22 19:03:06',0,0,1,NULL,'2017-07-22 19:03:06',0,60),(86,65,33,1,60,NULL,NULL,'2017-07-22 19:03:06',0,0,1,NULL,'2017-07-22 19:03:06',0,60),(87,65,33,1,120,NULL,NULL,'2017-07-22 19:03:06',0,0,1,NULL,'2017-07-22 19:03:06',240,360),(88,66,1,1,60,NULL,NULL,'2017-07-22 19:03:06',0,0,1,NULL,'2017-07-22 19:03:06',0,60),(89,66,33,1,60,NULL,NULL,'2017-07-22 19:03:06',0,0,1,NULL,'2017-07-22 19:03:06',0,60),(90,67,1,1,60,NULL,NULL,'2017-07-22 19:03:06',0,0,1,NULL,'2017-07-22 19:03:06',0,60),(91,67,33,1,60,NULL,NULL,'2017-07-22 19:03:06',0,0,1,NULL,'2017-07-22 19:03:06',0,60),(92,68,1,0,60,NULL,NULL,'2017-07-22 19:03:06',0,0,1,NULL,'2017-07-22 19:03:06',0,60),(93,68,33,1,60,NULL,NULL,'2017-07-22 19:03:06',0,0,1,NULL,'2017-07-22 19:03:06',0,60),(94,69,1,0,30,NULL,NULL,'2017-07-22 19:03:06',0,1,1,'5225bb48-f7b9-477c-ae57-20050391737e','2017-07-22 19:03:06',0,30),(95,69,33,1,60,NULL,NULL,'2017-07-22 19:03:06',0,0,1,NULL,'2017-07-22 19:03:06',0,60),(96,69,22,1,30,NULL,NULL,'2017-07-22 19:03:06',0,1,1,'5225bb48-f7b9-477c-ae57-20050391737e','2017-07-22 19:03:06',30,60),(97,70,1,0,15,0,60,'2017-07-22 19:03:06',1,0,1,NULL,'2017-07-22 19:03:06',0,15),(98,70,33,1,60,NULL,NULL,'2017-07-22 19:03:06',0,0,1,NULL,'2017-07-22 19:03:06',0,60),(99,71,1,0,30,NULL,NULL,'2017-07-22 19:03:06',0,0,1,NULL,'2017-07-22 19:03:06',0,30),(100,72,1,0,30,NULL,NULL,'2017-07-22 19:03:06',0,0,1,NULL,'2017-07-22 19:03:06',0,30),(101,73,1,0,30,NULL,NULL,'2017-07-22 19:03:06',0,0,1,NULL,'2017-07-22 19:03:06',0,30),(102,74,1,1,30,NULL,NULL,'2017-07-22 19:03:06',0,0,1,NULL,'2017-07-22 19:03:06',0,30),(103,75,1,1,60,NULL,NULL,'2017-07-22 19:03:06',0,0,1,NULL,'2017-07-22 19:03:06',2100,2160),(104,75,33,1,2340,NULL,NULL,'2017-07-22 19:03:06',0,0,1,NULL,'2017-07-22 19:03:06',1140,3480),(105,76,1,1,60,NULL,NULL,'2017-07-22 19:03:06',0,0,1,NULL,'2017-07-22 19:03:06',2040,2100),(106,76,33,1,2940,NULL,NULL,'2017-07-22 19:03:06',0,0,1,NULL,'2017-07-22 19:03:06',960,3900),(107,76,1,1,60,NULL,NULL,'2017-07-22 19:03:06',0,0,1,NULL,'2017-07-22 19:03:06',2220,2280),(108,77,1,1,75,NULL,NULL,'2017-07-22 19:03:06',0,0,1,NULL,'2017-07-22 19:03:06',1845,1920),(109,77,1,1,135,NULL,NULL,'2017-07-22 19:03:06',0,0,1,NULL,'2017-07-22 19:03:06',2295,2430),(110,77,1,1,1020,NULL,NULL,'2017-07-22 19:03:06',0,0,1,NULL,'2017-07-22 19:03:06',3180,4200),(111,77,33,1,3840,NULL,NULL,'2017-07-22 19:03:06',0,0,1,NULL,'2017-07-22 19:03:06',900,4740),(112,78,1,1,60,NULL,NULL,'2017-07-22 19:03:06',0,0,1,NULL,'2017-07-22 19:03:06',1440,1500),(113,78,33,1,2160,NULL,NULL,'2017-07-22 19:03:06',0,0,1,NULL,'2017-07-22 19:03:06',1380,3540),(114,79,1,1,60,NULL,NULL,'2017-07-22 19:03:06',0,0,1,NULL,'2017-07-22 19:03:06',1410,1470),(115,79,33,1,2160,NULL,NULL,'2017-07-22 19:03:06',0,0,1,NULL,'2017-07-22 19:03:06',1380,3540),(116,80,1,1,15,2100,2160,'2017-07-22 19:03:06',1,0,1,NULL,'2017-07-22 19:03:06',2100,2115),(117,80,33,1,1950,NULL,NULL,'2017-07-22 19:03:06',0,0,1,NULL,'2017-07-22 19:03:06',1230,3180),(118,81,1,1,15,1425,1485,'2017-07-22 19:03:06',1,0,1,NULL,'2017-07-22 19:03:06',1425,1440),(119,81,33,1,2415,NULL,NULL,'2017-07-22 19:03:06',0,0,1,NULL,'2017-07-22 19:03:06',885,3300),(120,82,1,1,30,1425,1545,'2017-07-22 19:03:06',1,0,1,NULL,'2017-07-22 19:03:06',1425,1455),(121,82,33,1,2460,NULL,NULL,'2017-07-22 19:03:06',0,0,1,NULL,'2017-07-22 19:03:06',1020,3480),(122,83,1,1,15,2100,2160,'2017-07-22 19:03:06',1,0,1,'ef269a45-2aab-42df-8396-c258a8f49924','2017-07-22 19:03:06',2100,2115),(123,83,33,1,1590,NULL,NULL,'2017-07-22 19:03:06',0,0,1,NULL,'2017-07-22 19:03:06',1410,3000),(124,83,19,1,15,2100,2160,'2017-07-22 19:03:06',1,0,1,'ef269a45-2aab-42df-8396-c258a8f49924','2017-07-22 19:03:06',2100,2115),(125,84,1,1,15,1425,1485,'2017-07-22 19:03:06',1,0,1,'e40818c2-d1ef-4b58-a7b1-8fc0fdf1e68e','2017-07-22 19:03:06',1425,1440),(126,84,19,1,15,1425,1485,'2017-07-22 19:03:06',1,0,1,'e40818c2-d1ef-4b58-a7b1-8fc0fdf1e68e','2017-07-22 19:03:06',1425,1440),(127,84,33,1,2190,NULL,NULL,'2017-07-22 19:03:06',0,0,1,NULL,'2017-07-22 19:03:06',1005,3195),(128,85,1,1,30,1425,1545,'2017-07-22 19:03:06',1,0,1,'626d3a54-1b98-428a-81c3-a2749bd9b656','2017-07-22 19:03:06',1425,1455),(129,85,33,1,2085,NULL,NULL,'2017-07-22 19:03:06',0,0,1,NULL,'2017-07-22 19:03:06',1320,3405),(130,85,19,1,30,1425,1545,'2017-07-22 19:03:06',1,0,1,'626d3a54-1b98-428a-81c3-a2749bd9b656','2017-07-22 19:03:06',1425,1455),(131,86,1,1,15,1875,1935,'2017-07-22 19:03:06',1,0,1,NULL,'2017-07-22 19:03:06',1875,1890),(132,86,1,1,15,2355,2415,'2017-07-22 19:03:06',1,0,1,NULL,'2017-07-22 19:03:06',2355,2370),(133,86,33,1,2400,NULL,NULL,'2017-07-22 19:03:06',0,0,1,NULL,'2017-07-22 19:03:06',900,3300),(134,87,33,1,2400,NULL,NULL,'2017-07-22 19:03:06',0,0,1,NULL,'2017-07-22 19:03:06',900,3300),(135,87,1,1,15,1875,1935,'2017-07-22 19:03:06',1,0,1,'a6c924f3-13b8-4149-a9b5-199bc2f956b5','2017-07-22 19:03:06',1875,1890),(136,87,1,1,15,2355,2415,'2017-07-22 19:03:06',1,0,1,'90c30aea-44c8-41cc-9866-5de526af7630','2017-07-22 19:03:06',2355,2370),(137,87,19,1,15,1875,1935,'2017-07-22 19:03:06',1,0,1,'a6c924f3-13b8-4149-a9b5-199bc2f956b5','2017-07-22 19:03:06',1875,1890),(138,87,19,1,15,2355,2415,'2017-07-22 19:03:06',1,0,1,'90c30aea-44c8-41cc-9866-5de526af7630','2017-07-22 19:03:06',2355,2370),(139,88,1,1,30,NULL,NULL,'2017-07-22 19:03:06',0,1,1,'c7a4fa6c-4833-46d0-9cce-379804044af5','2017-07-22 19:03:06',2100,2130),(140,88,22,1,30,NULL,NULL,'2017-07-22 19:03:06',0,1,1,'c7a4fa6c-4833-46d0-9cce-379804044af5','2017-07-22 19:03:06',2130,2160),(141,88,33,1,2280,NULL,NULL,'2017-07-22 19:03:06',0,0,1,NULL,'2017-07-22 19:03:06',720,3000),(142,89,1,1,30,NULL,NULL,'2017-07-22 19:03:06',0,1,1,'801dfcc1-7761-492a-9ebc-1af31b3cdf17','2017-07-22 19:03:06',2850,2880),(143,89,22,1,30,NULL,NULL,'2017-07-22 19:03:06',0,1,1,'801dfcc1-7761-492a-9ebc-1af31b3cdf17','2017-07-22 19:03:06',2880,2910),(144,89,33,1,2160,NULL,NULL,'2017-07-22 19:03:06',0,0,1,NULL,'2017-07-22 19:03:06',1260,3420),(145,90,1,1,30,NULL,NULL,'2017-07-22 19:03:06',0,1,1,'4b39608a-2676-46ee-9176-f05866899cc4','2017-07-22 19:03:06',2865,2895),(146,90,33,1,2565,NULL,NULL,'2017-07-22 19:03:06',0,0,1,NULL,'2017-07-22 19:03:06',1125,3690),(147,90,22,1,30,NULL,NULL,'2017-07-22 19:03:06',0,1,1,'4b39608a-2676-46ee-9176-f05866899cc4','2017-07-22 19:03:06',2895,2925),(148,91,1,1,30,NULL,NULL,'2017-07-22 19:03:06',0,1,1,'20c34dcc-ef83-416c-8b7a-dd6602f521bb','2017-07-22 19:03:06',2100,2130),(149,91,22,1,30,NULL,NULL,'2017-07-22 19:03:06',0,1,1,'20c34dcc-ef83-416c-8b7a-dd6602f521bb','2017-07-22 19:03:06',2130,2160),(150,91,27,1,30,NULL,NULL,'2017-07-22 19:03:06',0,1,1,'20c34dcc-ef83-416c-8b7a-dd6602f521bb','2017-07-22 19:03:06',2160,2190),(151,91,33,1,2220,NULL,NULL,'2017-07-22 19:03:06',0,0,1,NULL,'2017-07-22 19:03:06',1320,3540),(152,92,1,1,30,NULL,NULL,'2017-07-22 19:03:06',0,1,1,'9503941b-3486-461c-bbf3-77387d6771e0','2017-07-22 19:03:06',2850,2880),(153,92,22,1,30,NULL,NULL,'2017-07-22 19:03:06',0,1,1,'9503941b-3486-461c-bbf3-77387d6771e0','2017-07-22 19:03:06',2880,2910),(154,92,27,1,30,NULL,NULL,'2017-07-22 19:03:06',0,1,1,'9503941b-3486-461c-bbf3-77387d6771e0','2017-07-22 19:03:06',2910,2940),(155,92,33,1,2610,NULL,NULL,'2017-07-22 19:03:06',0,0,1,NULL,'2017-07-22 19:03:06',840,3450),(156,93,1,1,30,NULL,NULL,'2017-07-22 19:03:06',0,1,1,'a6c809c5-3d57-4ceb-9d7e-1665c28c1280','2017-07-22 19:03:06',2865,2895),(157,93,22,1,30,NULL,NULL,'2017-07-22 19:03:06',0,1,1,'a6c809c5-3d57-4ceb-9d7e-1665c28c1280','2017-07-22 19:03:06',2895,2925),(158,93,27,1,30,NULL,NULL,'2017-07-22 19:03:06',0,1,1,'a6c809c5-3d57-4ceb-9d7e-1665c28c1280','2017-07-22 19:03:06',2925,2955),(159,93,33,1,3060,NULL,NULL,'2017-07-22 19:03:06',0,0,1,NULL,'2017-07-22 19:03:06',660,3720),(160,94,1,1,30,NULL,NULL,'2017-07-22 19:03:06',0,1,1,'7a5e156a-ca6b-4565-81ea-c89f1b6e460b','2017-07-22 19:03:06',2100,2130),(161,94,33,1,2115,NULL,NULL,'2017-07-22 19:03:06',0,0,1,NULL,'2017-07-22 19:03:06',1380,3495),(162,94,22,1,30,NULL,NULL,'2017-07-22 19:03:06',0,1,1,'7a5e156a-ca6b-4565-81ea-c89f1b6e460b','2017-07-22 19:03:06',2100,2130),(163,94,27,1,30,NULL,NULL,'2017-07-22 19:03:06',0,1,1,'7a5e156a-ca6b-4565-81ea-c89f1b6e460b','2017-07-22 19:03:06',2130,2160),(164,95,1,1,30,NULL,NULL,'2017-07-22 19:03:06',0,1,1,'b8fa142c-fdbe-475a-9efc-5725ddcd5e22','2017-07-22 19:03:06',2850,2880),(165,95,22,1,30,NULL,NULL,'2017-07-22 19:03:06',0,1,1,'b8fa142c-fdbe-475a-9efc-5725ddcd5e22','2017-07-22 19:03:06',2850,2880),(166,95,27,1,30,NULL,NULL,'2017-07-22 19:03:06',0,1,1,'b8fa142c-fdbe-475a-9efc-5725ddcd5e22','2017-07-22 19:03:06',2880,2910),(167,95,33,1,2400,NULL,NULL,'2017-07-22 19:03:06',0,0,1,NULL,'2017-07-22 19:03:06',1020,3420),(168,96,1,1,30,NULL,NULL,'2017-07-22 19:03:06',0,1,1,'574b9125-5d40-40c3-8650-ffd02c12d312','2017-07-22 19:03:06',2865,2895),(169,96,22,1,30,NULL,NULL,'2017-07-22 19:03:06',0,1,1,'574b9125-5d40-40c3-8650-ffd02c12d312','2017-07-22 19:03:06',2865,2895),(170,96,27,1,30,NULL,NULL,'2017-07-22 19:03:06',0,1,1,'574b9125-5d40-40c3-8650-ffd02c12d312','2017-07-22 19:03:06',2895,2925),(171,96,33,1,2340,NULL,NULL,'2017-07-22 19:03:06',0,0,1,NULL,'2017-07-22 19:03:06',900,3240),(172,97,1,1,30,NULL,NULL,'2017-07-22 19:03:06',0,1,1,'36702ed7-9c8b-419f-83bb-52e0ab971828','2017-07-22 19:03:06',2100,2130),(173,97,33,1,2340,NULL,NULL,'2017-07-22 19:03:06',0,0,1,NULL,'2017-07-22 19:03:06',960,3300),(174,97,22,1,30,NULL,NULL,'2017-07-22 19:03:06',0,1,1,'36702ed7-9c8b-419f-83bb-52e0ab971828','2017-07-22 19:03:06',2130,2160),(175,97,27,1,30,NULL,NULL,'2017-07-22 19:03:06',0,1,1,'36702ed7-9c8b-419f-83bb-52e0ab971828','2017-07-22 19:03:06',2130,2160),(176,98,1,1,30,NULL,NULL,'2017-07-22 19:03:06',0,1,1,'7cddb493-cdbf-490b-b419-bcfa21e33794','2017-07-22 19:03:06',2850,2880),(177,98,22,1,30,NULL,NULL,'2017-07-22 19:03:06',0,1,1,'7cddb493-cdbf-490b-b419-bcfa21e33794','2017-07-22 19:03:06',2880,2910),(178,98,27,1,30,NULL,NULL,'2017-07-22 19:03:06',0,1,1,'7cddb493-cdbf-490b-b419-bcfa21e33794','2017-07-22 19:03:06',2880,2910),(179,98,33,1,2340,NULL,NULL,'2017-07-22 19:03:06',0,0,1,NULL,'2017-07-22 19:03:06',1020,3360),(180,99,1,1,30,NULL,NULL,'2017-07-22 19:03:06',0,1,1,'c1c31ad7-85a8-4cb3-ab0f-91016de15f18','2017-07-22 19:03:06',2865,2895),(181,99,22,1,30,NULL,NULL,'2017-07-22 19:03:06',0,1,1,'c1c31ad7-85a8-4cb3-ab0f-91016de15f18','2017-07-22 19:03:06',2895,2925),(182,99,27,1,30,NULL,NULL,'2017-07-22 19:03:06',0,1,1,'c1c31ad7-85a8-4cb3-ab0f-91016de15f18','2017-07-22 19:03:06',2895,2925),(183,99,33,1,2340,NULL,NULL,'2017-07-22 19:03:06',0,1,1,NULL,'2017-07-22 19:03:06',1080,3420),(184,100,33,1,2340,NULL,NULL,'2017-07-22 19:03:06',0,0,1,NULL,'2017-07-22 19:03:06',1140,3480),(185,100,1,1,30,NULL,NULL,'2017-07-22 19:03:06',0,1,1,'bacef3f7-b487-44cc-8ed1-5424bd5e5d8b','2017-07-22 19:03:06',1860,1890),(186,100,1,1,30,NULL,NULL,'2017-07-22 19:03:06',0,1,1,'9f25279c-934b-4341-bc1b-cf0f4a318e01','2017-07-22 19:03:06',2340,2370),(187,100,22,1,30,NULL,NULL,'2017-07-22 19:03:06',0,1,1,'bacef3f7-b487-44cc-8ed1-5424bd5e5d8b','2017-07-22 19:03:06',1890,1920),(188,100,22,1,30,NULL,NULL,'2017-07-22 19:03:06',0,1,1,'9f25279c-934b-4341-bc1b-cf0f4a318e01','2017-07-22 19:03:06',2370,2400),(189,101,1,1,30,NULL,NULL,'2017-07-22 19:03:06',0,1,1,'23078cd1-4b2e-4933-97af-ce4ba0d2ce6e','2017-07-22 19:03:06',1860,1890),(190,101,1,1,30,NULL,NULL,'2017-07-22 19:03:06',0,1,1,'efc9bcf1-5506-4116-8bfc-2b017bb5450f','2017-07-22 19:03:06',2340,2370),(191,101,22,1,30,NULL,NULL,'2017-07-22 19:03:06',0,1,1,'23078cd1-4b2e-4933-97af-ce4ba0d2ce6e','2017-07-22 19:03:06',1890,1920),(192,101,22,1,30,NULL,NULL,'2017-07-22 19:03:06',0,1,1,'efc9bcf1-5506-4116-8bfc-2b017bb5450f','2017-07-22 19:03:06',2370,2400),(193,101,27,1,30,NULL,NULL,'2017-07-22 19:03:06',0,1,1,'23078cd1-4b2e-4933-97af-ce4ba0d2ce6e','2017-07-22 19:03:06',1920,1950),(194,101,27,1,30,NULL,NULL,'2017-07-22 19:03:06',0,1,1,'efc9bcf1-5506-4116-8bfc-2b017bb5450f','2017-07-22 19:03:06',2400,2430),(195,101,33,1,2340,NULL,NULL,'2017-07-22 19:03:06',0,0,1,NULL,'2017-07-22 19:03:06',1200,3540),(196,102,33,1,2340,NULL,NULL,'2017-07-22 19:03:06',0,0,1,NULL,'2017-07-22 19:03:06',1260,3600),(197,102,1,1,30,NULL,NULL,'2017-07-22 19:03:06',0,1,1,'b365b13c-d164-44a4-84f0-e19693120f9a','2017-07-22 19:03:06',1860,1890),(198,102,1,1,30,NULL,NULL,'2017-07-22 19:03:06',0,1,1,'e2a9e1d1-05b3-4603-8537-b99deb3360c4','2017-07-22 19:03:06',2340,2370),(199,102,22,1,30,NULL,NULL,'2017-07-22 19:03:06',0,1,1,'b365b13c-d164-44a4-84f0-e19693120f9a','2017-07-22 19:03:06',1860,1890),(200,102,22,1,30,NULL,NULL,'2017-07-22 19:03:06',0,1,1,'e2a9e1d1-05b3-4603-8537-b99deb3360c4','2017-07-22 19:03:06',2340,2370),(201,102,27,1,30,NULL,NULL,'2017-07-22 19:03:06',0,1,1,'b365b13c-d164-44a4-84f0-e19693120f9a','2017-07-22 19:03:06',1890,1920),(202,102,27,1,30,NULL,NULL,'2017-07-22 19:03:06',0,1,1,'e2a9e1d1-05b3-4603-8537-b99deb3360c4','2017-07-22 19:03:06',2370,2400),(203,103,1,1,30,NULL,NULL,'2017-07-22 19:03:06',0,1,1,'a15d77cf-d0e1-42da-ad35-2bc7352e0141','2017-07-22 19:03:06',1860,1890),(204,103,1,1,30,NULL,NULL,'2017-07-22 19:03:06',0,1,1,'65bc3e6f-fde4-40b9-93aa-103949acbba8','2017-07-22 19:03:06',2340,2370),(205,103,22,1,30,NULL,NULL,'2017-07-22 19:03:06',0,1,1,'a15d77cf-d0e1-42da-ad35-2bc7352e0141','2017-07-22 19:03:06',1890,1920),(206,103,22,1,30,NULL,NULL,'2017-07-22 19:03:06',0,1,1,'65bc3e6f-fde4-40b9-93aa-103949acbba8','2017-07-22 19:03:06',2370,2400),(207,103,27,1,30,NULL,NULL,'2017-07-22 19:03:06',0,1,1,'a15d77cf-d0e1-42da-ad35-2bc7352e0141','2017-07-22 19:03:06',1890,1920),(208,103,27,1,30,NULL,NULL,'2017-07-22 19:03:06',0,1,1,'65bc3e6f-fde4-40b9-93aa-103949acbba8','2017-07-22 19:03:06',2370,2400),(209,103,33,1,2160,NULL,NULL,'2017-07-22 19:03:06',0,0,1,NULL,'2017-07-22 19:03:06',1140,3300),(210,104,1,1,30,NULL,NULL,'2017-07-22 19:03:06',0,0,1,NULL,'2017-07-22 19:03:06',1875,1905),(211,104,1,1,30,NULL,NULL,'2017-07-22 19:03:06',0,0,1,NULL,'2017-07-22 19:03:06',2355,2385),(212,105,1,1,30,NULL,NULL,'2017-07-22 19:03:06',0,0,1,NULL,'2017-07-22 19:03:06',1410,1440),(213,105,1,1,30,NULL,NULL,'2017-07-22 19:03:06',0,0,1,NULL,'2017-07-22 19:03:06',2850,2880),(214,105,1,1,30,NULL,NULL,'2017-07-22 19:03:06',0,0,1,NULL,'2017-07-22 19:03:06',4290,4320),(215,106,1,1,30,NULL,NULL,'2017-07-22 19:03:06',0,0,1,NULL,'2017-07-22 19:03:06',1425,1455),(216,106,1,1,30,NULL,NULL,'2017-07-22 19:03:06',0,0,1,NULL,'2017-07-22 19:03:06',2865,2895),(217,106,1,1,30,NULL,NULL,'2017-07-22 19:03:06',0,0,1,NULL,'2017-07-22 19:03:06',4305,4335),(218,107,1,0,60,NULL,NULL,'2017-07-22 19:03:06',0,0,1,NULL,'2017-07-22 19:03:06',2100,2160),(219,107,33,1,2175,NULL,NULL,'2017-07-22 19:03:06',0,0,1,NULL,'2017-07-22 19:03:06',990,3165),(220,108,1,0,30,NULL,NULL,'2017-07-22 19:03:06',0,1,1,'8f7e116e-4c35-4b74-85be-485b2b6fdb72','2017-07-22 19:03:06',2130,2160),(221,108,33,1,2385,NULL,NULL,'2017-07-22 19:03:06',0,0,1,NULL,'2017-07-22 19:03:06',885,3270),(222,108,22,1,30,NULL,NULL,'2017-07-22 19:03:06',0,1,1,'8f7e116e-4c35-4b74-85be-485b2b6fdb72','2017-07-22 19:03:06',2160,2190),(223,109,1,0,15,2100,2160,'2017-07-22 19:03:06',1,0,1,NULL,'2017-07-22 19:03:06',2100,2115),(224,110,1,1,1500,NULL,NULL,'2017-07-22 19:03:06',0,0,1,NULL,'2017-07-22 19:03:06',540,2040),(225,111,1,1,1500,NULL,NULL,'2017-07-22 19:03:06',0,0,1,NULL,'2017-07-22 19:03:06',540,2040),(226,112,1,1,1500,NULL,NULL,'2017-07-22 19:03:06',0,0,1,NULL,'2017-07-22 19:03:06',540,2040),(227,113,1,1,1500,NULL,NULL,'2017-07-22 19:03:06',0,0,1,NULL,'2017-07-22 19:03:06',540,2040),(228,114,1,1,60,NULL,NULL,'2017-07-22 19:03:06',0,0,1,NULL,'2017-07-22 19:03:06',360,420),(229,114,33,1,1680,NULL,NULL,'2017-07-22 19:03:06',0,0,1,NULL,'2017-07-22 19:03:06',0,1680),(230,115,1,1,60,NULL,NULL,'2017-07-22 19:03:06',0,0,1,NULL,'2017-07-22 19:03:06',360,420),(231,115,33,1,1680,NULL,NULL,'2017-07-22 19:03:06',0,0,1,NULL,'2017-07-22 19:03:06',0,1680),(232,115,1,1,60,NULL,NULL,'2017-07-22 19:03:06',0,0,1,NULL,'2017-07-22 19:03:06',600,660),(233,115,33,1,1680,NULL,NULL,'2017-07-22 19:03:06',0,0,1,NULL,'2017-07-22 19:03:06',0,1680),(234,116,1,1,30,NULL,NULL,'2017-07-22 19:03:06',0,0,1,NULL,'2017-07-22 19:03:06',375,405),(235,116,1,1,30,NULL,NULL,'2017-07-22 19:03:06',0,0,1,NULL,'2017-07-22 19:03:06',855,885),(236,116,33,1,1680,NULL,NULL,'2017-07-22 19:03:06',0,0,1,NULL,'2017-07-22 19:03:06',0,1680),(237,117,1,1,15,360,420,'2017-07-22 19:03:06',1,0,1,NULL,'2017-07-22 19:03:06',360,375),(238,117,33,1,1680,NULL,NULL,'2017-07-22 19:03:06',0,0,1,NULL,'2017-07-22 19:03:06',0,1680),(239,118,1,1,15,360,420,'2017-07-22 19:03:06',1,0,1,'d117a61a-a89f-47a1-9087-7f7767dcfefc','2017-07-22 19:03:06',360,375),(240,118,19,1,15,360,420,'2017-07-22 19:03:06',1,0,1,'d117a61a-a89f-47a1-9087-7f7767dcfefc','2017-07-22 19:03:06',360,375),(241,118,33,1,1680,NULL,NULL,'2017-07-22 19:03:06',0,0,1,NULL,'2017-07-22 19:03:06',0,1680),(242,119,1,1,15,375,435,'2017-07-22 19:03:06',1,0,1,NULL,'2017-07-22 19:03:06',375,390),(243,119,1,1,15,855,915,'2017-07-22 19:03:06',1,0,1,NULL,'2017-07-22 19:03:06',855,870),(244,119,33,1,1680,NULL,NULL,'2017-07-22 19:03:06',0,0,1,NULL,'2017-07-22 19:03:06',0,1680),(245,120,1,1,15,375,435,'2017-07-22 19:03:06',1,0,1,'7291b207-cc72-46d9-806d-85713f7f638b','2017-07-22 19:03:06',375,390),(246,120,1,1,15,855,915,'2017-07-22 19:03:06',1,0,1,'36bac479-6335-4c6f-b6dc-055bb37d84f0','2017-07-22 19:03:06',855,870),(247,120,19,1,15,375,435,'2017-07-22 19:03:06',1,0,1,'7291b207-cc72-46d9-806d-85713f7f638b','2017-07-22 19:03:06',375,390),(248,120,19,1,15,855,915,'2017-07-22 19:03:06',1,0,1,'36bac479-6335-4c6f-b6dc-055bb37d84f0','2017-07-22 19:03:06',855,870),(249,120,33,1,1680,NULL,NULL,'2017-07-22 19:03:06',0,0,1,NULL,'2017-07-22 19:03:06',0,1680),(250,121,1,1,30,NULL,NULL,'2017-07-22 19:03:06',0,1,1,'3a792629-a5b1-4507-be23-08e3f20dc39e','2017-07-22 19:03:06',360,390),(251,121,22,1,30,NULL,NULL,'2017-07-22 19:03:06',0,1,1,'3a792629-a5b1-4507-be23-08e3f20dc39e','2017-07-22 19:03:06',390,420),(252,121,33,1,1680,NULL,NULL,'2017-07-22 19:03:06',0,0,1,NULL,'2017-07-22 19:03:06',0,1680),(253,122,1,1,30,NULL,NULL,'2017-07-22 19:03:06',0,1,1,'3b2db26c-656a-4ca1-a37d-7f7a0cb39f70','2017-07-22 19:03:06',360,390),(254,122,22,1,30,NULL,NULL,'2017-07-22 19:03:06',0,1,1,'3b2db26c-656a-4ca1-a37d-7f7a0cb39f70','2017-07-22 19:03:06',390,420),(255,122,27,1,30,NULL,NULL,'2017-07-22 19:03:06',0,1,1,'3b2db26c-656a-4ca1-a37d-7f7a0cb39f70','2017-07-22 19:03:06',420,450),(256,122,33,1,1680,NULL,NULL,'2017-07-22 19:03:06',0,0,1,NULL,'2017-07-22 19:03:06',0,1680),(257,123,1,1,30,NULL,NULL,'2017-07-22 19:03:06',0,1,1,'e96797e1-db2b-4141-9c12-2eab1795c2e9','2017-07-22 19:03:06',360,390),(258,123,22,1,30,NULL,NULL,'2017-07-22 19:03:06',0,1,1,'e96797e1-db2b-4141-9c12-2eab1795c2e9','2017-07-22 19:03:06',360,390),(259,123,27,1,30,NULL,NULL,'2017-07-22 19:03:06',0,1,1,'e96797e1-db2b-4141-9c12-2eab1795c2e9','2017-07-22 19:03:06',390,420),(260,123,33,1,1680,NULL,NULL,'2017-07-22 19:03:06',0,0,1,NULL,'2017-07-22 19:03:06',0,1680),(261,125,1,1,30,NULL,NULL,'2017-07-22 19:03:06',0,1,1,'c6c92ad1-869a-4270-930a-85cafaee7e10','2017-07-22 19:03:06',360,390),(262,125,22,1,30,NULL,NULL,'2017-07-22 19:03:06',0,1,1,'c6c92ad1-869a-4270-930a-85cafaee7e10','2017-07-22 19:03:06',390,420),(263,125,27,1,30,NULL,NULL,'2017-07-22 19:03:06',0,1,1,'c6c92ad1-869a-4270-930a-85cafaee7e10','2017-07-22 19:03:06',390,420),(264,125,33,1,1680,NULL,NULL,'2017-07-22 19:03:06',0,0,1,NULL,'2017-07-22 19:03:06',0,1680),(265,126,33,1,1680,NULL,NULL,'2017-07-22 19:03:06',0,0,1,NULL,'2017-07-22 19:03:06',0,1680),(266,126,1,1,30,NULL,NULL,'2017-07-22 19:03:06',0,1,1,'b65ac451-1c63-4a39-a88e-d383d6212023','2017-07-22 19:03:06',360,390),(267,126,1,1,30,NULL,NULL,'2017-07-22 19:03:06',0,1,1,'cf8a8263-8b5d-43a9-9de6-626685a4226e','2017-07-22 19:03:06',840,870),(268,126,22,1,30,NULL,NULL,'2017-07-22 19:03:06',0,1,1,'b65ac451-1c63-4a39-a88e-d383d6212023','2017-07-22 19:03:06',390,420),(269,126,22,1,30,NULL,NULL,'2017-07-22 19:03:06',0,1,1,'cf8a8263-8b5d-43a9-9de6-626685a4226e','2017-07-22 19:03:06',870,900),(270,127,1,1,30,NULL,NULL,'2017-07-22 19:03:06',0,1,1,'f0dd26aa-c372-40f8-8c4e-a7b5dd1ae4f7','2017-07-22 19:03:06',360,390),(271,127,1,1,30,NULL,NULL,'2017-07-22 19:03:06',0,1,1,'f976988e-6345-4c6b-821c-b27490caf53b','2017-07-22 19:03:06',840,870),(272,127,22,1,30,NULL,NULL,'2017-07-22 19:03:06',0,1,1,'f0dd26aa-c372-40f8-8c4e-a7b5dd1ae4f7','2017-07-22 19:03:06',390,420),(273,127,22,1,30,NULL,NULL,'2017-07-22 19:03:06',0,1,1,'f976988e-6345-4c6b-821c-b27490caf53b','2017-07-22 19:03:06',870,900),(274,127,27,1,30,NULL,NULL,'2017-07-22 19:03:06',0,1,1,'f0dd26aa-c372-40f8-8c4e-a7b5dd1ae4f7','2017-07-22 19:03:06',420,450),(275,127,27,1,30,NULL,NULL,'2017-07-22 19:03:06',0,1,1,'f976988e-6345-4c6b-821c-b27490caf53b','2017-07-22 19:03:06',900,930),(276,127,33,1,1680,NULL,NULL,'2017-07-22 19:03:06',0,0,1,NULL,'2017-07-22 19:03:06',0,1680),(277,128,33,1,1680,NULL,NULL,'2017-07-22 19:03:06',0,0,1,NULL,'2017-07-22 19:03:06',0,1680),(278,128,1,1,30,NULL,NULL,'2017-07-22 19:03:06',0,1,1,'cf1075e6-b330-4e74-83f9-e7ce8038835d','2017-07-22 19:03:06',360,390),(279,128,1,1,30,NULL,NULL,'2017-07-22 19:03:06',0,1,1,'f2adf94a-5dbc-4590-9d6a-03c2be81833a','2017-07-22 19:03:06',840,870),(280,128,22,1,30,NULL,NULL,'2017-07-22 19:03:06',0,1,1,'cf1075e6-b330-4e74-83f9-e7ce8038835d','2017-07-22 19:03:06',360,390),(281,128,22,1,30,NULL,NULL,'2017-07-22 19:03:06',0,1,1,'f2adf94a-5dbc-4590-9d6a-03c2be81833a','2017-07-22 19:03:06',840,870),(282,128,27,1,30,NULL,NULL,'2017-07-22 19:03:06',0,1,1,'cf1075e6-b330-4e74-83f9-e7ce8038835d','2017-07-22 19:03:06',390,420),(283,128,27,1,30,NULL,NULL,'2017-07-22 19:03:06',0,1,1,'f2adf94a-5dbc-4590-9d6a-03c2be81833a','2017-07-22 19:03:06',870,900),(284,129,1,1,30,NULL,NULL,'2017-07-22 19:03:06',0,1,1,'d37d5ef8-018c-48ac-93fd-2ababeb33a9f','2017-07-22 19:03:06',360,390),(285,129,1,1,30,NULL,NULL,'2017-07-22 19:03:06',0,1,1,'cc9b76bb-b32b-49ce-9b85-97ca5a505db4','2017-07-22 19:03:06',840,870),(286,129,22,1,30,NULL,NULL,'2017-07-22 19:03:06',0,1,1,'d37d5ef8-018c-48ac-93fd-2ababeb33a9f','2017-07-22 19:03:06',390,420),(287,129,22,1,30,NULL,NULL,'2017-07-22 19:03:06',0,1,1,'cc9b76bb-b32b-49ce-9b85-97ca5a505db4','2017-07-22 19:03:06',870,900),(288,129,27,1,30,NULL,NULL,'2017-07-22 19:03:06',0,1,1,'d37d5ef8-018c-48ac-93fd-2ababeb33a9f','2017-07-22 19:03:06',390,420),(289,129,27,1,30,NULL,NULL,'2017-07-22 19:03:06',0,1,1,'cc9b76bb-b32b-49ce-9b85-97ca5a505db4','2017-07-22 19:03:06',870,900),(290,129,33,1,1680,NULL,NULL,'2017-07-22 19:03:06',0,1,1,NULL,'2017-07-22 19:03:06',0,1680),(291,130,33,1,720,NULL,NULL,'2017-07-22 19:03:06',0,0,1,NULL,'2017-07-22 19:03:06',0,720),(292,131,33,1,720,NULL,NULL,'2017-07-22 19:03:06',0,0,1,NULL,'2017-07-22 19:03:06',0,720),(293,132,1,1,1080,NULL,NULL,'2017-07-22 19:03:06',0,0,1,NULL,'2017-07-22 19:03:06',0,1080),(294,132,33,1,480,NULL,NULL,'2017-07-22 19:03:06',0,0,1,NULL,'2017-07-22 19:03:06',1200,1680),(295,133,1,1,60,NULL,NULL,'2017-07-22 19:03:06',0,0,1,NULL,'2017-07-22 19:03:06',2100,2160),(296,133,33,1,2340,NULL,NULL,'2017-07-22 19:03:06',0,0,1,NULL,'2017-07-22 19:03:06',1140,3480),(297,134,1,1,60,NULL,NULL,'2017-07-22 19:03:06',0,0,1,NULL,'2017-07-22 19:03:06',2100,2160),(298,134,33,1,2340,NULL,NULL,'2017-07-22 19:03:06',0,0,1,NULL,'2017-07-22 19:03:06',1140,3480),(299,135,1,1,1680,NULL,NULL,'2017-07-22 19:03:06',0,0,1,NULL,'2017-07-22 19:03:06',0,1680),(300,136,1,1,1680,NULL,NULL,'2017-07-22 19:03:06',0,0,1,NULL,'2017-07-22 19:03:06',0,1680),(301,137,1,1,1680,NULL,NULL,'2017-07-22 19:03:06',0,0,1,NULL,'2017-07-22 19:03:06',0,1680),(302,138,1,1,1680,NULL,NULL,'2017-07-22 19:03:06',0,0,1,NULL,'2017-07-22 19:03:06',0,1680),(303,6,15,1,15,NULL,NULL,'2015-10-26 12:23:57',0,0,0,NULL,'2017-07-22 19:03:06',1980,1995),(304,2,35,1,60,NULL,NULL,'2016-03-01 12:24:52',0,0,0,NULL,'2017-07-22 19:03:06',0,60);
/*!40000 ALTER TABLE `template_resource` ENABLE KEYS */;
UNLOCK TABLES;
commit;

--
-- Dumping data for table `template_resource_annotations`
--

LOCK TABLES `template_resource_annotations` WRITE;
/*!40000 ALTER TABLE `template_resource_annotations` DISABLE KEYS */;
set autocommit=0;
INSERT INTO `template_resource_annotations` (`id`, `template_resource`, `line_level_annotations`, `quantity`, `comment`) VALUES (1,6,62,1,'comment here'),(2,303,66,1,''),(3,303,51,1,''),(4,303,50,1,''),(5,303,49,313,'another comment'),(6,2,61,1424,'sample comment'),(7,304,62,1,'sdd');
/*!40000 ALTER TABLE `template_resource_annotations` ENABLE KEYS */;
UNLOCK TABLES;
commit;

--
-- Dumping data for table `template_resource_group`
--

LOCK TABLES `template_resource_group` WRITE;
/*!40000 ALTER TABLE `template_resource_group` DISABLE KEYS */;
set autocommit=0;
INSERT INTO `template_resource_group` (`id`, `group_id`, `template_resource`, `flex_group`, `visit`) VALUES (1,'6c1e88cd-7d7a-4125-aec5-2496fee5a71a',59,0,55),(2,'6c1e88cd-7d7a-4125-aec5-2496fee5a71a',61,0,55),(3,'3e72d53e-64a4-4a2e-9e21-8a93276f74df',62,0,56),(4,'3e72d53e-64a4-4a2e-9e21-8a93276f74df',64,0,56),(5,'c800402f-2738-44a5-ad76-025173836c35',65,1,57),(6,'c800402f-2738-44a5-ad76-025173836c35',67,1,57),(7,'b2a43be8-ad2e-491a-82bd-c7c915e41e50',68,1,58),(8,'b2a43be8-ad2e-491a-82bd-c7c915e41e50',70,1,58),(9,'b2a43be8-ad2e-491a-82bd-c7c915e41e50',71,1,58),(10,'b8ecfb57-dba2-4d0b-93ae-b6b2b2ac578b',72,1,59),(11,'b8ecfb57-dba2-4d0b-93ae-b6b2b2ac578b',74,1,59),(12,'b8ecfb57-dba2-4d0b-93ae-b6b2b2ac578b',75,1,59),(13,'e30bf5c6-b84c-49c5-a92f-7ec6f19be914',78,1,60),(14,'e30bf5c6-b84c-49c5-a92f-7ec6f19be914',79,1,60),(15,'e30bf5c6-b84c-49c5-a92f-7ec6f19be914',76,1,60),(16,'5225bb48-f7b9-477c-ae57-20050391737e',94,1,69),(17,'5225bb48-f7b9-477c-ae57-20050391737e',96,1,69),(18,'ef269a45-2aab-42df-8396-c258a8f49924',122,0,83),(19,'ef269a45-2aab-42df-8396-c258a8f49924',124,0,83),(20,'e40818c2-d1ef-4b58-a7b1-8fc0fdf1e68e',125,0,84),(21,'e40818c2-d1ef-4b58-a7b1-8fc0fdf1e68e',126,0,84),(22,'a6c924f3-13b8-4149-a9b5-199bc2f956b5',135,0,87),(23,'a6c924f3-13b8-4149-a9b5-199bc2f956b5',137,0,87),(24,'90c30aea-44c8-41cc-9866-5de526af7630',136,0,87),(25,'90c30aea-44c8-41cc-9866-5de526af7630',138,0,87),(26,'c7a4fa6c-4833-46d0-9cce-379804044af5',139,1,88),(27,'c7a4fa6c-4833-46d0-9cce-379804044af5',140,1,88),(28,'801dfcc1-7761-492a-9ebc-1af31b3cdf17',142,1,89),(29,'801dfcc1-7761-492a-9ebc-1af31b3cdf17',143,1,89),(30,'4b39608a-2676-46ee-9176-f05866899cc4',145,1,90),(31,'4b39608a-2676-46ee-9176-f05866899cc4',147,1,90),(32,'20c34dcc-ef83-416c-8b7a-dd6602f521bb',148,1,91),(33,'20c34dcc-ef83-416c-8b7a-dd6602f521bb',149,1,91),(34,'20c34dcc-ef83-416c-8b7a-dd6602f521bb',150,1,91),(35,'9503941b-3486-461c-bbf3-77387d6771e0',152,1,92),(36,'9503941b-3486-461c-bbf3-77387d6771e0',153,1,92),(37,'9503941b-3486-461c-bbf3-77387d6771e0',154,1,92),(38,'a6c809c5-3d57-4ceb-9d7e-1665c28c1280',156,1,93),(39,'a6c809c5-3d57-4ceb-9d7e-1665c28c1280',157,1,93),(40,'a6c809c5-3d57-4ceb-9d7e-1665c28c1280',158,1,93),(41,'7a5e156a-ca6b-4565-81ea-c89f1b6e460b',160,1,94),(42,'7a5e156a-ca6b-4565-81ea-c89f1b6e460b',162,1,94),(43,'7a5e156a-ca6b-4565-81ea-c89f1b6e460b',163,1,94),(44,'b8fa142c-fdbe-475a-9efc-5725ddcd5e22',164,1,95),(45,'b8fa142c-fdbe-475a-9efc-5725ddcd5e22',165,1,95),(46,'b8fa142c-fdbe-475a-9efc-5725ddcd5e22',166,1,95),(47,'574b9125-5d40-40c3-8650-ffd02c12d312',168,1,96),(48,'574b9125-5d40-40c3-8650-ffd02c12d312',169,1,96),(49,'574b9125-5d40-40c3-8650-ffd02c12d312',170,1,96),(50,'36702ed7-9c8b-419f-83bb-52e0ab971828',172,1,97),(51,'36702ed7-9c8b-419f-83bb-52e0ab971828',174,1,97),(52,'36702ed7-9c8b-419f-83bb-52e0ab971828',175,1,97),(53,'7cddb493-cdbf-490b-b419-bcfa21e33794',176,1,98),(54,'7cddb493-cdbf-490b-b419-bcfa21e33794',177,1,98),(55,'7cddb493-cdbf-490b-b419-bcfa21e33794',178,1,98),(56,'c1c31ad7-85a8-4cb3-ab0f-91016de15f18',180,1,99),(57,'c1c31ad7-85a8-4cb3-ab0f-91016de15f18',181,1,99),(58,'c1c31ad7-85a8-4cb3-ab0f-91016de15f18',182,1,99),(59,'bacef3f7-b487-44cc-8ed1-5424bd5e5d8b',185,1,100),(60,'bacef3f7-b487-44cc-8ed1-5424bd5e5d8b',187,1,100),(61,'9f25279c-934b-4341-bc1b-cf0f4a318e01',186,1,100),(62,'9f25279c-934b-4341-bc1b-cf0f4a318e01',188,1,100),(63,'23078cd1-4b2e-4933-97af-ce4ba0d2ce6e',189,1,101),(64,'23078cd1-4b2e-4933-97af-ce4ba0d2ce6e',191,1,101),(65,'23078cd1-4b2e-4933-97af-ce4ba0d2ce6e',193,1,101),(66,'efc9bcf1-5506-4116-8bfc-2b017bb5450f',190,1,101),(67,'efc9bcf1-5506-4116-8bfc-2b017bb5450f',192,1,101),(68,'efc9bcf1-5506-4116-8bfc-2b017bb5450f',194,1,101),(69,'b365b13c-d164-44a4-84f0-e19693120f9a',197,1,102),(70,'b365b13c-d164-44a4-84f0-e19693120f9a',199,1,102),(71,'b365b13c-d164-44a4-84f0-e19693120f9a',201,1,102),(72,'e2a9e1d1-05b3-4603-8537-b99deb3360c4',198,1,102),(73,'e2a9e1d1-05b3-4603-8537-b99deb3360c4',200,1,102),(74,'e2a9e1d1-05b3-4603-8537-b99deb3360c4',202,1,102),(75,'a15d77cf-d0e1-42da-ad35-2bc7352e0141',203,1,103),(76,'a15d77cf-d0e1-42da-ad35-2bc7352e0141',205,1,103),(77,'a15d77cf-d0e1-42da-ad35-2bc7352e0141',207,1,103),(78,'65bc3e6f-fde4-40b9-93aa-103949acbba8',204,1,103),(79,'65bc3e6f-fde4-40b9-93aa-103949acbba8',206,1,103),(80,'65bc3e6f-fde4-40b9-93aa-103949acbba8',208,1,103),(81,'8f7e116e-4c35-4b74-85be-485b2b6fdb72',220,1,108),(82,'8f7e116e-4c35-4b74-85be-485b2b6fdb72',222,1,108),(83,'d117a61a-a89f-47a1-9087-7f7767dcfefc',239,0,118),(84,'d117a61a-a89f-47a1-9087-7f7767dcfefc',240,0,118),(85,'7291b207-cc72-46d9-806d-85713f7f638b',245,0,120),(86,'7291b207-cc72-46d9-806d-85713f7f638b',247,0,120),(87,'36bac479-6335-4c6f-b6dc-055bb37d84f0',246,0,120),(88,'36bac479-6335-4c6f-b6dc-055bb37d84f0',248,0,120),(89,'3a792629-a5b1-4507-be23-08e3f20dc39e',250,1,121),(90,'3a792629-a5b1-4507-be23-08e3f20dc39e',251,1,121),(91,'3b2db26c-656a-4ca1-a37d-7f7a0cb39f70',253,1,122),(92,'3b2db26c-656a-4ca1-a37d-7f7a0cb39f70',254,1,122),(93,'3b2db26c-656a-4ca1-a37d-7f7a0cb39f70',255,1,122),(94,'e96797e1-db2b-4141-9c12-2eab1795c2e9',257,1,123),(95,'e96797e1-db2b-4141-9c12-2eab1795c2e9',258,1,123),(96,'e96797e1-db2b-4141-9c12-2eab1795c2e9',259,1,123),(97,'c6c92ad1-869a-4270-930a-85cafaee7e10',261,1,125),(98,'c6c92ad1-869a-4270-930a-85cafaee7e10',262,1,125),(99,'c6c92ad1-869a-4270-930a-85cafaee7e10',263,1,125),(100,'b65ac451-1c63-4a39-a88e-d383d6212023',266,1,126),(101,'b65ac451-1c63-4a39-a88e-d383d6212023',268,1,126),(102,'cf8a8263-8b5d-43a9-9de6-626685a4226e',267,1,126),(103,'cf8a8263-8b5d-43a9-9de6-626685a4226e',269,1,126),(104,'f0dd26aa-c372-40f8-8c4e-a7b5dd1ae4f7',270,1,127),(105,'f0dd26aa-c372-40f8-8c4e-a7b5dd1ae4f7',272,1,127),(106,'f0dd26aa-c372-40f8-8c4e-a7b5dd1ae4f7',274,1,127),(107,'f976988e-6345-4c6b-821c-b27490caf53b',271,1,127),(108,'f976988e-6345-4c6b-821c-b27490caf53b',273,1,127),(109,'f976988e-6345-4c6b-821c-b27490caf53b',275,1,127),(110,'cf1075e6-b330-4e74-83f9-e7ce8038835d',278,1,128),(111,'cf1075e6-b330-4e74-83f9-e7ce8038835d',280,1,128),(112,'cf1075e6-b330-4e74-83f9-e7ce8038835d',282,1,128),(113,'f2adf94a-5dbc-4590-9d6a-03c2be81833a',279,1,128),(114,'f2adf94a-5dbc-4590-9d6a-03c2be81833a',281,1,128),(115,'f2adf94a-5dbc-4590-9d6a-03c2be81833a',283,1,128),(116,'d37d5ef8-018c-48ac-93fd-2ababeb33a9f',284,1,129),(117,'d37d5ef8-018c-48ac-93fd-2ababeb33a9f',286,1,129),(118,'d37d5ef8-018c-48ac-93fd-2ababeb33a9f',288,1,129),(119,'cc9b76bb-b32b-49ce-9b85-97ca5a505db4',285,1,129),(120,'cc9b76bb-b32b-49ce-9b85-97ca5a505db4',287,1,129),(121,'cc9b76bb-b32b-49ce-9b85-97ca5a505db4',289,1,129),(122,'626d3a54-1b98-428a-81c3-a2749bd9b656',128,0,85),(123,'626d3a54-1b98-428a-81c3-a2749bd9b656',130,0,85);
/*!40000 ALTER TABLE `template_resource_group` ENABLE KEYS */;
UNLOCK TABLES;
commit;

--
-- Dumping data for table `visit_template`
--

LOCK TABLES `visit_template` WRITE;
/*!40000 ALTER TABLE `visit_template` DISABLE KEYS */;
set autocommit=0;
INSERT INTO `visit_template` (`id`, `study`, `name`, `short_name`, `sublocation`, `approved`, `relative_time`, `duration`, `comment`, `created_date`, `nursing`, `nutrition`, `processing`, `non_institution_non_CRC`, `institution_non_crc`, `active`, `setUp`, `research_pharmacy`, `last_update_time`, `visit_type`) VALUES (1,1,'Out TA-001 WHT 13','',1,1,0,15,NULL,'2019-12-15 12:12:07','1','1','1',0,0,1,'1',0,'2019-12-15 12:13:58',1),(2,1,'Out TA-001 CNY','',2,1,0,60,NULL,'2019-12-15 12:12:07','1','1','1',0,0,1,'1',0,'2019-12-15 12:24:59',1),(3,1,'Out TA-001 Non CRC','',3,1,0,60,NULL,'2019-12-15 12:12:08','1','1','1',0,0,1,'1',0,'2019-12-15 12:13:58',2),(4,1,'Out TA-001 Off Institution','',4,0,0,60,NULL,'2019-12-15 12:12:08','1','1','1',0,0,1,'1',0,'2019-12-15 12:12:08',3),(5,1,'In TA-001 WHT 13','',1,1,0,1410,NULL,'2019-12-15 12:12:08','1','1','1',0,0,1,'1',0,'2019-12-15 12:13:59',4),(6,1,'In TA-001 CNY','',2,1,0,43380,NULL,'2019-12-15 12:12:08','1','1','1',0,0,1,'1',0,'2019-12-15 12:24:05',4),(7,1,'In TA-001 Non CRC','',3,1,0,1380,NULL,'2019-12-15 12:12:08','1','1','1',0,0,1,'1',0,'2019-12-15 12:13:59',5),(8,1,'In TA-001 Off Institution','',4,1,0,180,NULL,'2019-12-15 12:12:09','1','1','1',0,0,1,'1',0,'2019-12-15 12:14:00',6),(9,2,'Out TA-002 WHT 13','',1,1,0,15,NULL,'2019-12-15 12:12:09','2','2','2',0,0,1,'2',0,'2019-12-15 12:14:00',1),(10,2,'Out TA-002 CNY','',2,1,0,30,NULL,'2019-12-15 12:12:09','2','2','2',0,0,1,'2',0,'2019-12-15 12:14:00',1),(11,2,'Out TA-002 Non CRC','',3,1,0,60,NULL,'2019-12-15 12:12:09','2','2','2',0,0,1,'2',0,'2019-12-15 12:14:01',2),(12,2,'Out TA-002 Off Institution','',4,1,0,60,NULL,'2019-12-15 12:12:09','2','2','2',0,0,1,'2',0,'2019-12-15 12:14:01',3),(13,2,'In TA-002 WHT 13','',1,1,0,1410,NULL,'2019-12-15 12:12:10','2','2','2',0,0,1,'2',0,'2019-12-15 12:14:01',4),(14,2,'In TA-002 CNY','',2,0,0,180,NULL,'2019-12-15 12:12:10','2','2','2',0,0,1,'2',0,'2019-12-15 12:12:10',4),(15,2,'In TA-002 Non CRC','',3,1,0,1380,NULL,'2019-12-15 12:12:10','2','2','2',0,0,1,'2',0,'2019-12-15 12:14:02',5),(16,2,'In TA-002 Off Institution','',4,1,0,180,NULL,'2019-12-15 12:12:10','2','2','2',0,0,1,'2',0,'2019-12-15 12:14:02',6),(17,7,'Out AS001 WHT 13','',1,1,0,15,NULL,'2019-12-15 12:12:10','1','1','1',0,0,1,'1',0,'2019-12-15 12:14:02',1),(18,7,'Out AS001 CNY','',2,1,0,30,NULL,'2019-12-15 12:12:11','1','1','1',0,0,1,'1',0,'2019-12-15 12:14:03',1),(19,7,'Out AS001 Non CRC','',3,1,0,60,NULL,'2019-12-15 12:12:11','1','1','1',0,0,1,'1',0,'2019-12-15 12:14:03',2),(20,7,'Out AS001 Off Institution','',4,0,0,60,NULL,'2019-12-15 12:12:11','1','1','1',0,0,1,'1',0,'2019-12-15 12:12:11',3),(21,7,'In AS001 WHT 13','',1,1,0,1410,NULL,'2019-12-15 12:12:11','1','1','1',0,0,1,'1',0,'2019-12-15 12:14:04',4),(22,7,'In AS001 CNY','',2,1,0,43380,NULL,'2019-12-15 12:12:12','1','1','1',0,0,1,'1',0,'2019-12-15 12:14:04',4),(23,7,'In AS001 Non CRC','',3,1,0,1380,NULL,'2019-12-15 12:12:12','1','1','1',0,0,1,'1',0,'2019-12-15 12:14:04',5),(24,7,'In AS001 Off Institution','',4,1,0,180,NULL,'2019-12-15 12:12:12','1','1','1',0,0,1,'1',0,'2019-12-15 12:14:04',6),(25,8,'Out AS002 WHT 13','',1,1,0,15,NULL,'2019-12-15 12:12:12','2','2','2',0,0,1,'2',0,'2019-12-15 12:14:05',1),(26,8,'Out AS002 CNY','',2,1,0,30,NULL,'2019-12-15 12:12:13','2','2','2',0,0,1,'2',0,'2019-12-15 12:14:05',1),(27,8,'Out AS002 Non CRC','',3,1,0,60,NULL,'2019-12-15 12:12:13','2','2','2',0,0,1,'2',0,'2019-12-15 12:14:05',2),(28,8,'Out AS002 Off Institution','',4,1,0,60,NULL,'2019-12-15 12:12:13','2','2','2',0,0,1,'2',0,'2019-12-15 12:14:05',3),(29,8,'In AS002 WHT 13','',1,1,0,1410,NULL,'2019-12-15 12:12:13','2','2','2',0,0,1,'2',0,'2019-12-15 12:14:06',4),(30,8,'In AS002 CNY','',2,0,0,180,NULL,'2019-12-15 12:12:13','2','2','2',0,0,1,'2',0,'2019-12-15 12:12:13',4),(31,8,'In AS002 Non CRC','',3,1,0,1380,NULL,'2019-12-15 12:12:13','2','2','2',0,0,1,'2',0,'2019-12-15 12:14:06',5),(32,8,'In AS002 Off Institution','',4,1,0,180,NULL,'2019-12-15 12:12:14','2','2','2',0,0,1,'2',0,'2019-12-15 12:14:06',6),(33,3,'Out TB-003 Non CRC','',3,1,0,60,NULL,'2019-12-15 12:12:14','3','3','3',0,0,1,'3',0,'2019-12-15 12:14:07',2),(34,3,'In RT TB-003 WHT 13','',1,1,1,1800,NULL,'2019-12-15 12:12:14','3','3','3',0,0,1,'3',0,'2019-12-15 12:14:07',4),(35,3,'In TB-003 CNY','',2,1,0,180,NULL,'2019-12-15 12:12:14','3','3','3',0,0,1,'3',0,'2019-12-15 12:14:07',4),(36,4,'Out TC-004 Non CRC','',3,1,0,60,NULL,'2019-12-15 12:12:15','4','4','4',0,0,1,'4',0,'2019-12-15 12:14:07',2),(37,4,'In RT TC-004 WHT 13','',1,1,1,1800,NULL,'2019-12-15 12:12:15','4','4','4',0,0,1,'4',0,'2019-12-15 12:14:08',4),(38,4,'In TC-004 CNY','',2,1,0,180,NULL,'2019-12-15 12:12:15','4','4','4',0,0,1,'4',0,'2019-12-15 12:14:08',4),(39,5,'Out TD-005 Non CRC','',3,1,0,60,NULL,'2019-12-15 12:12:17','5','5','5',0,0,1,'5',0,'2019-12-15 12:14:08',2),(40,5,'In RT TD-005 WHT 13','',1,1,1,1800,NULL,'2019-12-15 12:12:17','5','5','5',0,0,1,'5',0,'2019-12-15 12:14:08',4),(41,5,'In TD-005 CNY','',2,1,0,180,NULL,'2019-12-15 12:12:17','5','5','5',0,0,1,'5',0,'2019-12-15 12:14:09',4),(42,6,'Out TC-006 Non CRC','',3,1,0,60,NULL,'2019-12-15 12:12:17','6','6','6',0,0,1,'6',0,'2019-12-15 12:14:09',2),(43,6,'In RT TC-006 WHT 13','',1,0,1,1800,NULL,'2019-12-15 12:12:18','6','6','6',0,0,1,'6',0,'2019-12-15 12:12:18',4),(44,6,'In TC-006 CNY','',2,1,0,180,NULL,'2019-12-15 12:12:18','6','6','6',0,0,1,'6',0,'2019-12-15 12:14:09',4),(45,9,'Out AS003 Non CRC','',3,1,0,60,NULL,'2019-12-15 12:12:18','3','3','3',0,0,1,'3',0,'2019-12-15 12:14:09',2),(46,9,'In RT AS003 WHT 13','',1,1,1,1800,NULL,'2019-12-15 12:12:18','3','3','3',0,0,1,'3',0,'2019-12-15 12:14:10',4),(47,9,'In AS003 CNY','',2,1,0,180,NULL,'2019-12-15 12:12:19','3','3','3',0,0,1,'3',0,'2019-12-15 12:14:10',4),(48,10,'Out AS004 Non CRC','',3,1,0,60,NULL,'2019-12-15 12:12:19','4','4','4',0,0,1,'4',0,'2019-12-15 12:14:10',2),(49,10,'In RT AS004 WHT 13','',1,1,1,1800,NULL,'2019-12-15 12:12:19','4','4','4',0,0,1,'4',0,'2019-12-15 12:14:10',4),(50,10,'In AS004 CNY','',2,1,0,180,NULL,'2019-12-15 12:12:19','4','4','4',0,0,1,'4',0,'2019-12-15 12:14:11',4),(51,11,'Out Fixed Short','',1,1,0,60,NULL,'2019-12-15 12:12:20','1','1','1',0,0,1,'1',0,'2019-12-15 12:14:11',1),(52,11,'Out Fixed Long','',1,1,0,840,NULL,'2019-12-15 12:12:20','2','2','2',0,0,1,'2',0,'2019-12-15 12:14:11',1),(53,11,'Out Float Single','',1,1,0,60,NULL,'2019-12-15 12:12:20','3','3','3',0,1,1,'3',1,'2019-12-15 12:14:11',1),(54,11,'Out Float Single Long','',1,1,0,840,NULL,'2019-12-15 12:12:20','4','4','4',1,0,1,'4',0,'2019-12-15 12:14:12',1),(55,11,'Out Float Linked','',1,1,0,120,NULL,'2019-12-15 12:12:20','5','5','5',0,0,1,'5',0,'2019-12-15 12:14:12',1),(56,11,'Out Float Linked Long','',1,1,0,840,NULL,'2019-12-15 12:12:21','6','6','6',0,1,1,'6',1,'2019-12-15 12:14:13',1),(57,11,'Out Flex Consec 2','',1,1,0,60,NULL,'2019-12-15 12:12:21','7','7','7',0,0,1,'7',0,'2019-12-15 12:14:13',1),(58,11,'Out Flex Consec 3','',1,1,0,90,NULL,'2019-12-15 12:12:21','1','1','1',1,0,1,'1',0,'2019-12-15 12:14:13',1),(59,11,'Out Flex Super A','',1,1,0,60,NULL,'2019-12-15 12:12:21','2','2','2',0,0,1,'2',0,'2019-12-15 12:14:14',1),(60,11,'Out Flex Super B','',1,1,0,120,NULL,'2019-12-15 12:12:21','3','3','3',0,0,1,'3',0,'2019-12-15 12:14:14',1),(61,14,'Out Resource Blocker Short','',1,1,0,60,NULL,'2019-12-15 12:12:22','4','4','4',0,1,1,'4',1,'2019-12-15 12:14:14',1),(62,14,'Out Resource Blocker 3 Times','',1,1,0,900,NULL,'2019-12-15 12:12:22','5','5','5',1,0,1,'5',0,'2019-12-15 12:14:15',1),(63,14,'Out Room Blocker','',1,1,0,360,NULL,'2019-12-15 12:12:22','6','6','6',0,0,1,'6',0,'2019-12-15 12:14:15',1),(64,14,'Out All Rooms','',1,1,0,60,NULL,'2019-12-15 12:12:22','7','7','7',0,1,1,'7',1,'2019-12-15 12:14:15',1),(65,14,'Out Double Room','',1,1,0,360,NULL,'2019-12-15 12:12:22','1','1','1',0,0,1,'1',0,'2019-12-15 12:14:15',1),(66,14,'Out Male Room','',1,1,0,60,NULL,'2019-12-15 12:12:23','2','2','2',1,0,1,'2',0,'2019-12-15 12:14:16',1),(67,14,'Out Female Room','',1,1,0,60,NULL,'2019-12-15 12:12:23','3','3','3',0,0,1,'3',0,'2019-12-15 12:14:16',1),(68,14,'Out Fixed Alt Off','',1,1,0,60,NULL,'2019-12-15 12:12:23','4','4','4',0,0,1,'4',0,'2019-12-15 12:14:16',1),(69,14,'Out Flex Alt Off','',1,1,0,60,NULL,'2019-12-15 12:12:23','5','5','5',0,1,1,'5',1,'2019-12-15 12:14:17',1),(70,14,'Out Float Alt Off','',1,1,0,60,NULL,'2019-12-15 12:12:23','6','6','6',1,0,1,'6',0,'2019-12-15 12:14:17',1),(71,14,'Out Multi Fail','',1,1,0,30,NULL,'2019-12-15 12:12:24','7','7','7',0,0,1,'7',0,'2019-12-15 12:14:17',1),(72,14,'Out All Fails','',1,1,0,30,NULL,'2019-12-15 12:12:24','1','1','1',0,1,1,'1',1,'2019-12-15 12:14:18',1),(73,14,'Out Iterative Fail','',1,1,0,30,NULL,'2019-12-15 12:12:24','2','2','2',0,0,1,'2',0,'2019-12-15 12:14:18',1),(74,14,'Out Fifty Resources','',1,1,0,30,NULL,'2019-12-15 12:12:24','3','3','3',1,0,1,'3',0,'2019-12-15 12:14:18',1),(75,12,'In Fixed','',1,1,0,2340,NULL,'2019-12-15 12:12:24','4','4','4',0,0,1,'4',0,'2019-12-15 12:14:19',4),(76,12,'In Fixed Time Gap','',1,1,0,2940,NULL,'2019-12-15 12:12:25','5','5','5',0,0,1,'5',0,'2019-12-15 12:14:19',4),(77,12,'In Fixed QTY Change','',1,1,0,3840,NULL,'2019-12-15 12:12:25','6','6','6',0,1,1,'6',1,'2019-12-15 12:14:19',4),(78,12,'In Fixed Midnight Start','',1,1,0,2160,NULL,'2019-12-15 12:12:25','7','7','7',1,0,1,'7',0,'2019-12-15 12:14:20',4),(79,12,'In Fixed Midnight Overlap','',1,1,0,2160,NULL,'2019-12-15 12:12:25','1','1','1',0,0,1,'1',0,'2019-12-15 12:14:20',4),(80,12,'In Float Day Single','',1,1,0,1950,NULL,'2019-12-15 12:12:25','2','2','2',0,1,1,'2',1,'2019-12-15 12:14:20',4),(81,12,'In Float Overnight Single','',1,1,0,2415,NULL,'2019-12-15 12:12:25','3','3','3',0,0,1,'3',0,'2019-12-15 12:14:21',4),(82,12,'In Float Midnight Overlap  Single','',1,1,0,2460,NULL,'2019-12-15 12:12:26','4','4','4',1,0,1,'4',0,'2019-12-15 12:14:21',4),(83,12,'In Float Day Linked','',1,1,0,1590,NULL,'2019-12-15 12:12:26','5','5','5',0,0,1,'5',0,'2019-12-15 12:14:21',4),(84,12,'In Float  Overnight Linked','',1,1,0,2190,NULL,'2019-12-15 12:12:26','6','6','6',0,0,1,'6',0,'2019-12-15 12:14:22',4),(85,12,'In Float Midnight Overlap  Linked','',1,1,0,2085,NULL,'2019-12-15 12:12:26','7','7','7',0,1,1,'7',1,'2019-12-15 12:14:22',4),(86,12,'In Float QTY Change Single','',1,1,0,2400,NULL,'2019-12-15 12:12:26','1','1','1',1,0,1,'1',0,'2019-12-15 12:14:22',4),(87,12,'In Float QTY Change Linked','',1,1,0,2400,NULL,'2019-12-15 12:12:27','2','2','2',0,0,1,'2',0,'2019-12-15 12:14:23',4),(88,12,'In Flex Day Consec 2','',1,1,0,2280,NULL,'2019-12-15 12:12:27','3','3','3',0,1,1,'3',1,'2019-12-15 12:14:23',4),(89,12,'In Flex Overnight Consec 2','',1,1,0,2160,NULL,'2019-12-15 12:12:27','4','4','4',0,0,1,'4',0,'2019-12-15 12:14:23',4),(90,12,'In Flex Midnight Overlap Consec 2','',1,1,0,2565,NULL,'2019-12-15 12:12:27','5','5','5',1,0,1,'5',0,'2019-12-15 12:14:24',4),(91,12,'In Flex Day Consec 3','',1,1,0,2220,NULL,'2019-12-15 12:12:27','6','6','6',0,0,1,'6',0,'2019-12-15 12:14:24',4),(92,12,'In Flex Overnight Consec 3','',1,1,0,2610,NULL,'2019-12-15 12:12:28','7','7','7',0,0,1,'7',0,'2019-12-15 12:14:24',4),(93,12,'In Flex Midnight Overlap Consec 3','',1,1,0,3060,NULL,'2019-12-15 12:12:28','1','1','1',0,1,1,'1',1,'2019-12-15 12:14:25',4),(94,12,'In Flex Day Super A','',1,1,0,2115,NULL,'2019-12-15 12:12:28','2','2','2',1,0,1,'2',0,'2019-12-15 12:14:25',4),(95,12,'In Flex Overnight Super A','',1,1,0,2400,NULL,'2019-12-15 12:12:28','3','3','3',0,0,1,'3',0,'2019-12-15 12:14:25',4),(96,12,'In Flex Midnight Overlap Super A','',1,1,0,2340,NULL,'2019-12-15 12:12:28','4','4','4',0,1,1,'4',1,'2019-12-15 12:14:26',4),(97,12,'In Flex Day Super B','',1,1,0,2340,NULL,'2019-12-15 12:12:29','5','5','5',0,0,1,'5',0,'2019-12-15 12:14:26',4),(98,12,'In Flex Overnight Super B','',1,1,0,2340,NULL,'2019-12-15 12:12:29','6','6','6',1,0,1,'6',0,'2019-12-15 12:14:26',4),(99,12,'In Flex Midnight Overlap Super B','',1,1,0,2340,NULL,'2019-12-15 12:12:29','7','7','7',0,0,1,'7',0,'2019-12-15 12:14:26',4),(100,12,'In Flex QTY Change Consec 2','',1,1,0,2340,NULL,'2019-12-15 12:12:29','1','1','1',0,0,1,'1',0,'2019-12-15 12:14:27',4),(101,12,'In Flex QTY Change Consec 3','',1,1,0,2340,NULL,'2019-12-15 12:12:29','2','2','2',0,1,1,'2',1,'2019-12-15 12:14:27',4),(102,12,'In Flex QTY Change Super A','',1,1,0,2340,NULL,'2019-12-15 12:12:29','3','3','3',1,0,1,'3',0,'2019-12-15 12:14:27',4),(103,12,'In Flex QTY Change  Super B','',1,1,0,2160,NULL,'2019-12-15 12:12:30','4','4','4',0,0,1,'4',0,'2019-12-15 12:14:28',4),(104,14,'In Day Resource Blocker','',1,1,0,510,NULL,'2019-12-15 12:12:30','5','5','5',0,1,1,'5',1,'2019-12-15 12:14:28',4),(105,14,'In 11:30 PM Resource Blocker','',1,1,0,2910,NULL,'2019-12-15 12:12:30','6','6','6',0,0,1,'6',0,'2019-12-15 12:14:28',4),(106,14,'In Midnight Overlap Resource Blocker','',1,1,0,2910,NULL,'2019-12-15 12:12:30','7','7','7',1,0,1,'7',0,'2019-12-15 12:14:29',4),(107,14,'In Fixed Alt Off','',1,1,0,2175,NULL,'2019-12-15 12:12:30','1','1','1',0,0,1,'1',0,'2019-12-15 12:14:29',4),(108,14,'In Flex Alt Off','',1,1,0,2385,NULL,'2019-12-15 12:12:31','2','2','2',0,0,1,'2',0,'2019-12-15 12:14:29',4),(109,14,'In Float Alt Off','',1,1,0,15,NULL,'2019-12-15 12:12:31','3','3','3',0,1,1,'3',1,'2019-12-15 12:14:30',4),(110,14,'In Multi Fail','',1,1,0,1500,NULL,'2019-12-15 12:12:31','4','4','4',1,0,1,'4',0,'2019-12-15 12:14:30',4),(111,14,'In All Fails','',1,1,0,1500,NULL,'2019-12-15 12:12:31','5','5','5',0,0,1,'5',0,'2019-12-15 12:14:30',4),(112,14,'In Iterative Fail','',1,1,0,1500,NULL,'2019-12-15 12:12:31','6','6','6',0,1,1,'6',1,'2019-12-15 12:14:30',4),(113,14,'In 30 Day','',1,1,0,1500,NULL,'2019-12-15 12:12:32','7','7','7',0,0,1,'7',0,'2019-12-15 12:14:31',4),(114,13,'In Fixed  RT','',1,1,1,1680,NULL,'2019-12-15 12:12:32','1','1','1',1,0,1,'1',0,'2019-12-15 12:14:31',4),(115,13,'In Fixed  RT Time Gap','',1,1,1,1680,NULL,'2019-12-15 12:12:32','2','2','2',0,0,1,'2',0,'2019-12-15 12:14:31',4),(116,13,'In Fixed RT QTY Change','',1,1,1,1680,NULL,'2019-12-15 12:12:32','3','3','3',0,0,1,'3',0,'2019-12-15 12:14:32',4),(117,13,'In Float RT Single','',1,1,1,1680,NULL,'2019-12-15 12:12:32','4','4','4',0,1,1,'4',1,'2019-12-15 12:14:32',4),(118,13,'In Float RT Linked','',1,1,1,1680,NULL,'2019-12-15 12:12:33','5','5','5',1,0,1,'5',0,'2019-12-15 12:14:32',4),(119,13,'In Float  RT QTY Change Single','',1,1,1,1680,NULL,'2019-12-15 12:12:33','6','6','6',0,0,1,'6',0,'2019-12-15 12:14:32',4),(120,13,'In Float RT QTY Change Linked','',1,1,1,1680,NULL,'2019-12-15 12:12:33','7','7','7',0,1,1,'7',1,'2019-12-15 12:14:33',4),(121,13,'In Flex  RT Consec 2','',1,1,1,1680,NULL,'2019-12-15 12:12:33','1','1','1',0,0,1,'1',0,'2019-12-15 12:14:33',4),(122,13,'In Flex RT Consec 3','',1,1,1,1680,NULL,'2019-12-15 12:12:33','2','2','2',1,0,1,'2',0,'2019-12-15 12:14:33',4),(123,13,'In Flex  RT Super A','',1,1,1,1680,NULL,'2019-12-15 12:12:34','3','3','3',0,0,1,'3',0,'2019-12-15 12:14:34',4),(124,13,'In Flex RT Overnight Super A','',1,1,1,NULL,NULL,'2019-12-15 12:12:34','4','4','4',0,0,1,'4',0,'2019-12-15 12:14:34',4),(125,13,'In Flex RT Super B','',1,1,1,1680,NULL,'2019-12-15 12:12:34','5','5','5',0,1,1,'5',1,'2019-12-15 12:14:34',4),(126,13,'In Flex  RT QTY Change Consec 2','',1,1,1,1680,NULL,'2019-12-15 12:12:34','6','6','6',1,0,1,'6',0,'2019-12-15 12:14:35',4),(127,13,'In Flex RT QTY Change Consec 3','',1,1,1,1680,NULL,'2019-12-15 12:12:34','7','7','7',0,0,1,'7',0,'2019-12-15 12:14:35',4),(128,13,'In Flex RT QTY Change Super A','',1,1,1,1680,NULL,'2019-12-15 12:12:35','1','1','1',0,1,1,'1',1,'2019-12-15 12:14:35',4),(129,13,'In Flex RT QTY Change  Super B','',1,1,1,1680,NULL,'2019-12-15 12:12:35','2','2','2',0,0,1,'2',0,'2019-12-15 12:14:36',4),(130,14,'In room blocker','',1,1,0,720,NULL,'2019-12-15 12:12:35','3','3','3',1,0,1,'3',0,'2019-12-15 12:14:36',4),(131,14,'In All Rooms','',1,1,0,720,NULL,'2019-12-15 12:12:35','4','4','4',0,0,1,'4',0,'2019-12-15 12:14:36',4),(132,14,'In Double Room','',1,1,0,1680,NULL,'2019-12-15 12:12:35','5','5','5',0,0,1,'5',0,'2019-12-15 12:14:36',4),(133,14,'In Male Room','',1,1,0,2340,NULL,'2019-12-15 12:12:36','6','6','6',0,1,1,'6',1,'2019-12-15 12:14:37',4),(134,14,'In Female Room','',1,1,0,2340,NULL,'2019-12-15 12:12:36','7','7','7',1,0,1,'7',0,'2019-12-15 12:14:37',4),(135,14,'In RT Multi Fail','',1,1,1,1680,NULL,'2019-12-15 12:12:36','1','1','1',0,0,1,'1',0,'2019-12-15 12:14:37',4),(136,14,'In RT All Fails','',1,1,1,1680,NULL,'2019-12-15 12:12:36','2','2','2',0,1,1,'2',1,'2019-12-15 12:14:38',4),(137,14,'In RT Iterative Fail','',1,1,1,1680,NULL,'2019-12-15 12:12:36','3','3','3',0,0,1,'3',0,'2019-12-15 12:14:38',4),(138,14,'In RT 30 day','',1,1,1,1680,NULL,'2019-12-15 12:12:36','4','4','4',1,0,1,'4',0,'2019-12-15 12:14:38',4);
/*!40000 ALTER TABLE `visit_template` ENABLE KEYS */;
UNLOCK TABLES;
commit;
/*!40103 SET TIME_ZONE=@OLD_TIME_ZONE */;

/*!40101 SET SQL_MODE=@OLD_SQL_MODE */;
/*!40014 SET FOREIGN_KEY_CHECKS=@OLD_FOREIGN_KEY_CHECKS */;
/*!40014 SET UNIQUE_CHECKS=@OLD_UNIQUE_CHECKS */;
/*!40101 SET CHARACTER_SET_CLIENT=@OLD_CHARACTER_SET_CLIENT */;
/*!40101 SET CHARACTER_SET_RESULTS=@OLD_CHARACTER_SET_RESULTS */;
/*!40101 SET COLLATION_CONNECTION=@OLD_COLLATION_CONNECTION */;
/*!40111 SET SQL_NOTES=@OLD_SQL_NOTES */;

-- Dump completed on 2019-12-20 13:44:49
